시장,업종구분,종목명,종목코드,시가총액,유통비율,업종코드
K,증권,키움증권,039490,47730 ,52,024
K,일반서비스,AJ네트웍스,095570,1760 ,43,026
K,금융,AK홀딩스,006840,1517 ,33,021
K,금융,BGF,027410,4087 ,30,021
K,유통,BGF리테일,282330,19669 ,47,016
K,금융,BNK금융지주,138930,37888 ,84,021
K,섬유/의류,BYC,001460,2355 ,28,006
K,섬유/의류,BYC우,001465,385 ,,006
K,금융,CJ,001040,42598 ,45,021
K,오락/문화,CJ CGV,079160,8627 ,44,030
K,금융,CJ4우(전환),00104K,5059 ,,021
K,운송/창고,CJ대한통운,000120,19413 ,47,019
K,음식료/담배,CJ씨푸드,011150,1074 ,53,005
K,음식료/담배,CJ씨푸드1우,011155,36 ,,005
K,금융,CJ우,001045,1853 ,,021
K,음식료/담배,CJ제일제당,097950,36055 ,51,005
K,음식료/담배,CJ제일제당 우,097955,1908 ,,005
K,비금속,CR홀딩스,000480,2574 ,13,010
K,금융,CS홀딩스,000590,1067 ,15,021
K,IT 서비스,DB,012030,2877 ,51,029
K,보험,DB손해보험,005830,79933 ,61,025
K,증권,DB증권,016610,3404 ,59,024
K,전기/전자,DB하이텍,000990,19558 ,66,013
K,운송장비/부품,DH오토넥스,000300,1629 ,33,015
K,유통,DI동일,001530,7666 ,72,016
K,기계/장비,DKME,015590,1220 ,77,012
K,화학,DL,000210,9283 ,50,008
K,화학,DL우,000215,389 ,,008
K,건설,DL이앤씨,375500,18612 ,74,018
K,건설,DL이앤씨2우(전환),37550L,666 ,,018
K,건설,DL이앤씨우,37550K,456 ,,018
K,전기/전자,DN오토모티브,007340,12638 ,36,013
K,화학,DRB동일,004840,995 ,27,008
K,금속,DSR,155660,637 ,37,011
K,금속,DSR제강,069730,533 ,48,011
K,화학,DS단석,017860,4598 ,60,008
K,운송장비/부품,DYP,092780,597 ,39,015
K,유통,E1,017940,5255 ,38,016
K,부동산,ESR켄달스퀘어리츠,365550,9205 ,,028
K,섬유/의류,F&F,383220,28577 ,35,006
K,금융,F&F홀딩스,007700,6767 ,8,021
K,오락/문화,GKL,114090,9285 ,49,030
K,금융,GS,078930,44088 ,46,021
K,건설,GS건설,006360,19684 ,75,018
K,유통,GS글로벌,001250,2216 ,49,016
K,유통,GS리테일,007070,13620 ,41,016
K,금융,GS우,078935,753 ,,021
K,금융,GS피앤엘,499790,6306 ,41,021
K,금융,HDC,012630,12576 ,41,021
K,건설,HDC랩스,039570,2365 ,25,018
K,화학,HDC현대EP,089470,1263 ,32,008
K,건설,HDC현대산업개발,294870,16675 ,53,018
K,금융,HD한국조선해양,009540,248060 ,63,021
K,금융,HD현대,267250,96293 ,52,021
K,기계/장비,HD현대건설기계,267270,12240 ,57,012
K,일반서비스,HD현대마린솔루션,443060,89569 ,31,026
K,기계/장비,HD현대마린엔진,071970,15604 ,64,012
K,운송장비/부품,HD현대미포,010620,73494 ,57,015
K,전기/전자,HD현대에너지솔루션,322000,5398 ,45,013
K,기계/장비,HD현대인프라코어,042670,19548 ,63,012
K,전기/전자,HD현대일렉트릭,267260,155003 ,60,013
K,운송장비/부품,HD현대중공업,329180,379505 ,25,015
K,건설,HJ중공업,097230,6104 ,37,018
K,건설,HL D&I,014790,1028 ,51,018
K,유통,HLB글로벌,003580,1525 ,94,016
K,운송장비/부품,HL만도,204320,15543 ,68,015
K,금융,HL홀딩스,060980,3762 ,62,021
K,운송/창고,HMM,011200,248060 ,64,019
K,일반서비스,HS애드,035000,1284 ,62,026
K,건설,HS화성,002460,1097 ,67,018
K,금융,HS효성,487570,2291 ,41,021
K,화학,HS효성첨단소재,298050,8687 ,52,008
K,오락/문화,IHQ,003560,762 ,52,030
K,금융,iM금융지주,139130,19202 ,84,021
K,일반서비스,INVENI,015360,3222 ,30,026
K,금융,JB금융지주,175330,38782 ,81,021
K,제약,JW생명과학,234080,1924 ,54,009
K,제약,JW중외제약,001060,5449 ,54,009
K,제약,JW중외제약2우B,001067,137 ,,009
K,제약,JW중외제약우,001065,103 ,,009
K,금융,JW홀딩스,096760,3060 ,42,021
K,금융,KB금융,105560,404350 ,79,021
K,금융,KB발해인프라,415640,9938 ,,021
K,부동산,KB스타리츠,432320,3981 ,,028
K,화학,KCC,002380,27992 ,47,008
K,비금속,KCC글라스,344820,5103 ,56,010
K,운송/창고,KCTC,009070,1242 ,76,019
K,금융,KC그린홀딩스,009440,176 ,60,021
K,기계/장비,KC코트렐,119650,1008 ,99,012
K,전기/전자,KEC,092220,1606 ,68,013
K,운송장비/부품,KG모빌리티,003620,6861 ,45,015
K,금속,KG스틸,016380,6241 ,38,011
K,화학,KG케미칼,001390,3095 ,47,008
K,전기/전자,KH 필룩스,033180,1382 ,53,013
K,금속,KISCO홀딩스,001940,3686 ,33,011
K,화학,KPX케미칼,025000,2311 ,33,008
K,화학,KPX홀딩스,092230,2843 ,18,008
K,운송장비/부품,KR모터스,000040,265 ,52,015
K,운송/창고,KSS해운,044450,2316 ,55,019
K,통신,KT,030200,130043 ,59,020
K,음식료/담배,KT&G,033780,150381 ,76,005
K,IT 서비스,KTcs,058850,1214 ,58,029
K,IT 서비스,KTis,058860,1018 ,58,029
K,섬유/의류,LF,093050,5079 ,37,006
K,금융,LG,003550,117624 ,54,021
K,전기/전자,LG디스플레이,034220,44200 ,55,013
K,화학,LG생활건강,051900,52243 ,59,008
K,화학,LG생활건강우,051905,2864 ,,008
K,IT 서비스,LG씨엔에스,064400,61910 ,28,029
K,전기/전자,LG에너지솔루션,373220,692640 ,17,013
K,금융,LG우,003555,1837 ,,021
K,통신,LG유플러스,032640,57283 ,60,020
K,전기/전자,LG이노텍,011070,34152 ,59,013
K,전기/전자,LG전자,066570,118154 ,64,013
K,전기/전자,LG전자우,066575,6256 ,,013
K,오락/문화,LG헬로비전,037560,2048 ,40,030
K,화학,LG화학,051910,147185 ,65,008
K,화학,LG화학우,051915,8212 ,,008
K,금속,LIG넥스원,079550,115720 ,60,011
K,금융,LS,006260,55674 ,52,021
K,전기/전자,LS ELECTRIC,010120,77400 ,50,013
K,유통,LS네트웍스,000680,2935 ,18,016
K,금융,LS에코에너지,229640,10443 ,29,021
K,전기/전자,LX세미콘,108320,9759 ,66,013
K,유통,LX인터내셔널,001120,11260 ,66,016
K,화학,LX하우시스,108670,2879 ,66,008
K,화학,LX하우시스우,108675,192 ,,008
K,금융,LX홀딩스,383800,6911 ,56,021
K,금융,LX홀딩스1우,38380K,132 ,,021
K,음식료/담배,MH에탄올,023150,390 ,43,005
K,IT 서비스,NAVER,035420,317666 ,85,029
K,IT 서비스,NHN,181710,9640 ,37,029
K,부동산,NH올원리츠,400760,1547 ,,028
K,증권,NH투자증권,005940,59178 ,39,024
K,증권,NH투자증권우,005945,2999 ,,024
K,부동산,NH프라임리츠,338100,835 ,,028
K,일반서비스,NICE,034310,4545 ,43,026
K,IT 서비스,NICE평가정보,030190,8492 ,53,029
K,금속,NI스틸,008260,1083 ,39,011
K,화학,NPC,004250,1678 ,31,008
K,화학,NPC우,004255,138 ,,008
K,화학,OCI,456040,5112 ,53,008
K,금융,OCI홀딩스,010060,14582 ,68,021
K,화학,PI첨단소재,178920,5227 ,45,008
K,화학,PKC,001340,2502 ,55,008
K,금속,POSCO홀딩스,005490,213663 ,81,011
K,화학,S-Oil,010950,71715 ,36,008
K,화학,S-Oil우,010955,1661 ,,008
K,오락/문화,SBS,034120,5074 ,63,030
K,화학,SB성보,003080,539 ,49,008
K,전기/가스,SGC에너지,005090,3602 ,45,017
K,운송장비/부품,SG글로벌,001380,794 ,41,015
K,유통,SG세계물산,004060,680 ,47,016
K,금속,SHD,001770,217 ,49,011
K,화학,SH에너지화학,002360,579 ,66,008
K,금속,SIMPAC,009160,3258 ,22,011
K,운송장비/부품,SJG세종,033530,1260 ,53,015
K,운송장비/부품,SJM,123700,533 ,47,015
K,유통,SJM홀딩스,025530,556 ,29,016
K,금융,SK,034730,138190 ,49,021
K,화학,SKC,011790,34801 ,49,008
K,유통,SK가스,018670,20478 ,24,016
K,유통,SK네트웍스,001740,9570 ,42,016
K,금융,SK디스커버리,006120,9578 ,43,021
K,금융,SK디스커버리우,006125,532 ,,021
K,부동산,SK디앤디,210980,1858 ,37,028
K,부동산,SK리츠,395400,12746 ,,028
K,제약,SK바이오사이언스,302440,35149 ,31,009
K,일반서비스,SK바이오팜,326030,70717 ,35,026
K,금융,SK스퀘어,402340,183967 ,67,021
K,전기/전자,SK아이이테크놀로지,361610,16256 ,37,013
K,금속,SK오션플랜트,100090,12046 ,62,011
K,금융,SK우,03473K,897 ,,021
K,화학,SK이노베이션,096770,139858 ,37,008
K,화학,SK이노베이션우,096775,818 ,,008
K,건설,SK이터닉스,475150,7679 ,46,018
K,증권,SK증권,001510,3025 ,67,024
K,증권,SK증권우,001515,87 ,,024
K,화학,SK케미칼,285130,10231 ,57,008
K,화학,SK케미칼우,28513K,566 ,,008
K,통신,SK텔레콤,017670,117275 ,60,020
K,전기/전자,SK하이닉스,000660,1714446 ,74,013
K,운송장비/부품,SNT다이내믹스,003570,18189 ,25,015
K,운송장비/부품,SNT모티브,064960,7856 ,43,015
K,기계/장비,SNT에너지,100840,8676 ,30,012
K,금융,SNT홀딩스,036530,8869 ,24,021
K,음식료/담배,SPC삼립,005610,4815 ,20,005
K,유통,STX,011810,1104 ,61,016
K,운송/창고,STX그린로지스,465770,824 ,53,019
K,기계/장비,STX엔진,077970,9896 ,29,012
K,종이/목재,SUN&L,002820,369 ,48,007
K,섬유/의류,TBH글로벌,084870,261 ,49,006
K,금속,TCC스틸,002710,4299 ,69,011
K,화학,TKG휴켐스,069260,6622 ,50,008
K,섬유/의류,TP,007980,792 ,58,006
K,기계/장비,TYM,002900,2271 ,58,012
K,화학,WISCOM,024070,313 ,47,008
K,IT 서비스,YG PLUS,037270,4155 ,66,029
K,전기/전자,가온전선,000500,10902 ,18,013
K,화학,강남제비스코,000860,1651 ,49,008
K,오락/문화,강원랜드,035250,37183 ,57,030
K,오락/문화,갤럭시아에스엠,011420,711 ,58,030
K,화학,경농,002100,1980 ,23,008
K,전기/전자,경동나비엔,009450,10285 ,41,013
K,전기/가스,경동도시가스,267290,1171 ,48,017
K,금융,경동인베스트,012320,1488 ,39,021
K,유통,경방,000050,2262 ,33,016
K,제약,경보제약,214390,1210 ,38,009
K,화학,경인양행,012610,1444 ,64,008
K,전기/전자,경인전자,009140,319 ,32,013
K,건설,계룡건설,013580,1871 ,60,018
K,기계/장비,계양전기,012200,393 ,54,012
K,기계/장비,계양전기우,012205,42 ,,012
K,음식료/담배,고려산업,002140,777 ,51,005
K,금속,고려아연,010130,163142 ,46,011
K,금속,고려제강,002240,4955 ,32,011
K,제약,광동제약,009290,3009 ,56,009
K,전기/전자,광명전기,017040,886 ,85,013
K,전기/전자,광전자,017900,1128 ,33,013
K,유통,광주신세계,037710,2304 ,33,016
K,증권,교보증권,030610,9242 ,14,024
K,유통,교촌에프앤비,339770,2668 ,29,016
K,화학,국도화학,007690,3200 ,57,008
K,운송/창고,국보,001140,335 ,72,019
K,제약,국제약품,002720,1008 ,58,009
K,화학,그린케미칼,083420,2105 ,37,008
K,화학,극동유화,014530,1409 ,55,008
K,금속,금강공업,014280,1337 ,52,011
K,금속,금강공업우,014285,41 ,,011
K,비금속,금비,008870,591 ,24,010
K,화학,금양,001570,6333 ,73,008
K,건설,금호건설,002990,1228 ,49,018
K,건설,금호건설우,002995,35 ,,018
K,화학,금호석유화학,011780,30984 ,57,008
K,화학,금호석유화학우,011785,1720 ,,008
K,운송장비/부품,금호에이치티,214330,1399 ,55,015
K,전기/전자,금호전기,001210,692 ,63,013
K,화학,금호타이어,073240,12568 ,35,008
K,기계/장비,기신정기,092440,745 ,28,012
K,운송장비/부품,기아,000270,386538 ,59,015
K,은행,기업은행,024110,135243 ,31,#N/A
K,건설,까뮤이앤씨,013700,667 ,46,018
K,종이/목재,깨끗한나라,004540,804 ,60,007
K,종이/목재,깨끗한나라우,004545,43 ,,007
K,건설,남광토건,001260,1088 ,37,018
K,금속,남선알미늄,008350,1613 ,69,011
K,금속,남선알미우,008355,40 ,,011
K,유통,남성,004270,395 ,49,016
K,음식료/담배,남양유업,003920,4231 ,34,005
K,음식료/담배,남양유업우,003925,888 ,,005
K,화학,남해화학,025860,3964 ,40,008
K,화학,넥센,005720,3223 ,30,008
K,화학,넥센우,005725,144 ,,008
K,화학,넥센타이어,002350,6016 ,30,008
K,화학,넥센타이어1우B,002355,201 ,,008
K,금속,넥스틸,092790,3796 ,37,011
K,IT 서비스,넷마블,251270,49939 ,36,029
K,화학,노루페인트,090350,1854 ,48,008
K,화학,노루페인트우,090355,71 ,,008
K,금융,노루홀딩스,000320,2811 ,30,021
K,금융,노루홀딩스우,000325,85 ,,021
K,제약,녹십자,006280,15566 ,46,009
K,일반서비스,녹십자홀딩스,005250,7774 ,46,026
K,일반서비스,녹십자홀딩스2우,005257,439 ,,026
K,음식료/담배,농심,004370,23844 ,50,005
K,금융,농심홀딩스,072710,3812 ,33,021
K,금속,다스코,058730,612 ,58,011
K,증권,다올투자증권,030210,2302 ,72,024
K,IT 서비스,다우기술,023590,13505 ,48,029
K,기계/장비,다이나믹디자인,145210,329 ,77,012
K,화학,달바글로벌,483650,19951 ,46,008
K,일반서비스,대교,019680,2058 ,12,026
K,일반서비스,대교우B,019685,263 ,,026
K,유통,대구백화점,006370,820 ,47,016
K,금융,대덕,008060,2637 ,55,021
K,금융,대덕1우,00806K,101 ,,021
K,전기/전자,대덕전자,353200,7704 ,67,013
K,전기/전자,대덕전자1우,35320K,164 ,,013
K,기계/장비,대동,000490,2748 ,63,012
K,전기/전자,대동전자,008110,1578 ,6,013
K,비금속,대림바스,005750,679 ,48,010
K,금속,대림통상,006570,414 ,30,011
K,음식료/담배,대상,001680,7519 ,56,005
K,음식료/담배,대상우,001685,231 ,,005
K,금융,대상홀딩스,084690,3893 ,32,021
K,금융,대상홀딩스우,084695,144 ,,021
K,유통,대성산업,128820,2011 ,40,016
K,전기/가스,대성에너지,117580,2797 ,26,017
K,일반서비스,대성홀딩스,016710,1677 ,27,026
K,증권,대신증권,003540,12516 ,51,024
K,증권,대신증권2우B,003547,1764 ,,024
K,증권,대신증권우,003545,4971 ,,024
K,금속,대양금속,009190,745 ,76,011
K,종이/목재,대영포장,014160,1275 ,37,007
K,건설,대우건설,047040,18059 ,47,018
K,제약,대웅,003090,14768 ,32,009
K,제약,대웅제약,069620,18342 ,37,009
K,운송장비/부품,대원강업,000430,2334 ,59,015
K,전기/전자,대원전선,006340,2253 ,69,013
K,전기/전자,대원전선우,006345,106 ,,013
K,제약,대원제약,003220,3070 ,57,009
K,화학,대원화성,024890,375 ,51,008
K,운송장비/부품,대유에이텍,002880,464 ,54,015
K,금속,대창,012800,1275 ,51,011
K,운송장비/부품,대창단조,015230,1689 ,42,015
K,섬유/의류,대한방직,001070,379 ,36,006
K,화학,대한유화,006650,5434 ,53,008
K,전기/전자,대한전선,001440,29720 ,57,013
K,금속,대한제강,084010,3992 ,21,011
K,음식료/담배,대한제당,001790,2637 ,46,005
K,음식료/담배,대한제당우,001795,160 ,,005
K,음식료/담배,대한제분,001130,2618 ,49,005
K,운송/창고,대한항공,003490,78983 ,66,019
K,운송/창고,대한항공우,003495,252 ,,019
K,운송/창고,대한해운,005880,5797 ,50,019
K,화학,대한화섬,003830,1956 ,20,008
K,섬유/의류,대현,016090,853 ,52,006
K,금속,대호에이엘,069460,1271 ,85,011
K,유통,더본코리아,475560,4207 ,24,016
K,IT 서비스,더블유게임즈,192080,10855 ,48,029
K,IT 서비스,더존비즈온,012510,18230 ,69,029
K,화학,덕성,004830,977 ,70,008
K,화학,덕성우,004835,119 ,,008
K,의료/정밀기기,덴티움,145720,7416 ,58,014
K,일반서비스,도화엔지니어링,002150,2306 ,57,026
K,금속,동국씨엠,460850,1943 ,66,011
K,금속,동국제강,460860,4738 ,66,011
K,금융,동국홀딩스,001230,2598 ,34,021
K,화학,동남합성,023450,1199 ,36,008
K,운송/창고,동방,004140,1302 ,76,019
K,화학,동방아그로,007590,858 ,53,008
K,건설,동부건설,005960,1221 ,43,018
K,건설,동부건설우,005965,45 ,,018
K,유통,동서,026960,26470 ,30,016
K,제약,동성제약,002210,740 ,77,009
K,화학,동성케미컬,102260,2163 ,55,008
K,금융,동아쏘시오홀딩스,000640,7818 ,47,021
K,제약,동아에스티,170900,4396 ,50,009
K,건설,동아지질,028100,2188 ,44,018
K,비금속,동양,001520,1523 ,47,010
K,비금속,동양2우B,001527,27 ,,010
K,운송/창고,동양고속,084670,218 ,42,019
K,보험,동양생명,082640,10617 ,21,025
K,비금속,동양우,001525,26 ,,010
K,금속,동양철관,008970,2325 ,74,011
K,음식료/담배,동원F&B,049770,7786 ,25,005
K,운송장비/부품,동원금속,018500,603 ,75,015
K,금융,동원산업,006040,18346 ,12,021
K,소형주,동원수산,030720,279 ,75,004
K,화학,동원시스템즈,014820,8857 ,16,008
K,화학,동원시스템즈우,014825,47 ,,008
K,섬유/의류,동인기연,111380,913 ,26,006
K,화학,동일고무벨트,163560,1041 ,30,008
K,금속,동일산업,004890,1134 ,40,011
K,금속,동일제강,002690,326 ,36,011
K,제약,동화약품,000020,1824 ,61,009
K,금융,두산,000150,94021 ,42,021
K,금융,두산2우B,000157,4867 ,,021
K,기계/장비,두산로보틱스,454910,32864 ,30,012
K,기계/장비,두산밥캣,241560,48503 ,51,012
K,기계/장비,두산에너빌리티,034020,349746 ,68,012
K,금융,두산우,000155,17544 ,,021
K,전기/전자,두산퓨얼셀,336260,12149 ,61,013
K,전기/전자,두산퓨얼셀1우,33626K,684 ,,013
K,전기/전자,두산퓨얼셀2우B,33626L,248 ,,013
K,운송장비/부품,두올,016740,1036 ,48,015
K,전기/전자,드림텍,192650,4127 ,57,013
K,금속,디씨엠,024090,1563 ,30,011
K,의료/정밀기기,디아이,003160,4582 ,62,014
K,운송장비/부품,디아이씨,092200,1746 ,58,015
K,부동산,디앤디플랫폼리츠,377190,2829 ,,028
K,금융,디와이,013570,1178 ,56,021
K,운송장비/부품,디와이덕양,024900,878 ,56,015
K,기계/장비,디와이파워,210540,1398 ,61,012
K,일반서비스,롯데관광개발,032350,10258 ,62,026
K,일반서비스,롯데렌탈,089860,12200 ,35,026
K,부동산,롯데리츠,330590,10952 ,,028
K,보험,롯데손해보험,000400,5273 ,21,025
K,유통,롯데쇼핑,023530,20962 ,39,016
K,전기/전자,롯데에너지머티리얼즈,020150,12044 ,41,013
K,음식료/담배,롯데웰푸드,280360,11193 ,24,005
K,IT 서비스,롯데이노베이트,286940,2926 ,33,029
K,화학,롯데정밀화학,004000,9843 ,55,008
K,금융,롯데지주,004990,30633 ,27,021
K,금융,롯데지주우,00499K,283 ,,021
K,음식료/담배,롯데칠성,005300,11023 ,37,005
K,음식료/담배,롯데칠성우,005305,549 ,,005
K,화학,롯데케미칼,011170,27590 ,44,008
K,유통,롯데하이마트,071840,1882 ,32,016
K,음식료/담배,마니커,027740,591 ,67,005
K,부동산,마스턴프리미어리츠,357430,446 ,,028
K,금속,만호제강,001080,1152 ,53,011
K,금융,맥쿼리인프라,088980,56082 ,,021
K,,맵스리얼티1,094800,4066 ,,001
K,금융,메리츠금융지주,138040,198196 ,40,021
K,섬유/의류,메타랩스,090370,349 ,44,006
K,유통,메타케어,118000,572 ,65,016
K,제약,명문제약,017180,573 ,77,009
K,운송장비/부품,명신산업,009900,4308 ,54,015
K,종이/목재,모나리자,012690,1011 ,48,007
K,유통,모나미,005360,405 ,71,016
K,일반서비스,모나용평,070960,2566 ,52,026
K,운송장비/부품,모토닉,009680,2973 ,31,015
K,종이/목재,무림P&P,009580,1784 ,33,007
K,종이/목재,무림페이퍼,009200,897 ,48,007
K,음식료/담배,무학,033920,2311 ,31,005
K,금속,문배철강,008420,477 ,53,011
K,의료/정밀기기,미래산업,025560,466 ,84,014
K,IT 서비스,미래아이앤지,007120,306 ,72,029
K,부동산,미래에셋글로벌리츠,396690,1046 ,,028
K,부동산,미래에셋맵스리츠,357250,677 ,,028
K,보험,미래에셋생명,085620,11612 ,14,025
K,증권,미래에셋증권,006800,108702 ,44,024
K,증권,미래에셋증권2우B,00680K,10890 ,,024
K,증권,미래에셋증권우,006805,1156 ,,024
K,유통,미스토홀딩스,081660,20282 ,56,016
K,화학,미원상사,002840,8450 ,22,008
K,화학,미원에스씨,268280,7640 ,13,008
K,금융,미원홀딩스,107590,1798 ,23,021
K,화학,미원화학,134380,1759 ,24,008
K,화학,미창석유,003650,1981 ,46,008
K,제약,바이오노트,377740,5235 ,25,009
K,섬유/의류,방림,003610,1719 ,38,006
K,화학,백산,035150,3049 ,41,008
K,건설,범양건영,002410,532 ,77,018
K,비금속,벽산,007210,1561 ,55,010
K,화학,보락,002760,646 ,66,008
K,제약,보령,003850,7300 ,33,009
K,음식료/담배,보해양조,000890,703 ,75,005
K,제약,부광약품,003000,2738 ,88,009
K,증권,부국증권,001270,4376 ,23,024
K,증권,부국증권우,001275,779 ,,024
K,금속,부국철강,026940,468 ,48,011
K,비금속,부산산업,011390,1191 ,48,010
K,운송장비/부품,부산주공,005030,383 ,80,015
K,섬유/의류,비비안,002070,291 ,83,006
K,오락/문화,비상교육,100220,933 ,39,030
K,전기/전자,비에이치,090460,4367 ,68,013
K,음식료/담배,빙그레,005180,8017 ,50,005
K,음식료/담배,사조대림,003960,3803 ,26,005
K,음식료/담배,사조동아원,008040,1671 ,39,005
K,음식료/담배,사조산업,007160,3150 ,32,005
K,음식료/담배,사조씨푸드,014710,1212 ,20,005
K,음식료/담배,사조오양,006090,884 ,24,005
K,전기/전자,산일전기,062040,21129 ,39,013
K,건설,삼부토건,001470,797 ,96,018
K,일반서비스,삼성E&A,028050,45276 ,79,026
K,부동산,삼성FN리츠,448730,4170 ,,028
K,전기/전자,삼성SDI,006400,138688 ,75,013
K,전기/전자,삼성SDI우,006405,1634 ,,013
K,운송장비/부품,삼성공조,006660,1203 ,44,015
K,유통,삼성물산,028260,281991 ,58,016
K,유통,삼성물산우B,02826K,1824 ,,016
K,제약,삼성바이오로직스,207940,725263 ,25,009
K,보험,삼성생명,032830,249600 ,45,025
K,IT 서비스,삼성에스디에스,018260,106162 ,50,029
K,전기/전자,삼성전기,009150,95160 ,73,013
K,전기/전자,삼성전기우,009155,1695 ,,013
K,전기/전자,삼성전자,005930,3451149 ,75,013
K,전기/전자,삼성전자우,005935,387588 ,,013
K,제약,삼성제약,001360,1788 ,89,009
K,운송장비/부품,삼성중공업,010140,155672 ,75,015
K,증권,삼성증권,016360,57599 ,69,024
K,오락/문화,삼성출판사,068290,1700 ,39,030
K,금융,삼성카드,029780,57003 ,20,021
K,보험,삼성화재,000810,200839 ,67,025
K,보험,삼성화재우,000815,9841 ,,025
K,금속,삼아알미늄,006110,2773 ,45,011
K,음식료/담배,삼양사,145990,5476 ,29,005
K,음식료/담배,삼양사우,145995,130 ,,005
K,음식료/담배,삼양식품,003230,90095 ,54,005
K,섬유/의류,삼양통상,002170,1626 ,30,006
K,화학,삼양패키징,272550,2054 ,36,008
K,금융,삼양홀딩스,000070,7482 ,45,021
K,금융,삼양홀딩스우,000075,150 ,,021
K,화학,삼영,003720,1295 ,71,008
K,유통,삼영무역,002810,2899 ,50,016
K,전기/전자,삼영전자,005680,2306 ,42,013
K,운송장비/부품,삼원강재,023000,1016 ,37,015
K,기계/장비,삼익THK,004380,2092 ,31,012
K,제조,삼익악기,002450,1169 ,38,027
K,비금속,삼일씨엔에스,004440,646 ,40,010
K,제약,삼일제약,000520,2269 ,71,009
K,종이/목재,삼정펄프,009770,754 ,25,007
K,제약,삼진제약,005500,2711 ,73,009
K,전기/가스,삼천리,004690,5442 ,45,017
K,건설,삼호개발,010960,899 ,56,018
K,금속,삼화왕관,004450,776 ,30,011
K,전기/전자,삼화전기,009470,1825 ,74,013
K,전기/전자,삼화전자,011230,774 ,57,013
K,전기/전자,삼화콘덴서,001820,2677 ,70,013
K,화학,삼화페인트,000390,1670 ,63,008
K,증권,상상인증권,001290,735 ,32,024
K,운송장비/부품,상신브레이크,041650,636 ,44,015
K,운송장비/부품,새론오토모티브,075180,636 ,34,015
K,금융,샘표,007540,1330 ,21,021
K,음식료/담배,샘표식품,248170,1213 ,40,005
K,금융,서연,007860,2247 ,45,021
K,운송장비/부품,서연이화,200880,3243 ,42,015
K,전기/가스,서울가스,017390,2975 ,26,017
K,보험,서울보증보험,031210,28557 ,14,025
K,음식료/담배,서울식품,004410,603 ,83,005
K,음식료/담배,서울식품우,004415,27 ,,005
K,금속,서원,021050,624 ,62,011
K,화학,서흥,008490,2137 ,43,008
K,전기/전자,선도전기,007610,540 ,68,013
K,음식료/담배,선진,136490,2437 ,49,005
K,전기/전자,성문전자,014910,265 ,68,013
K,전기/전자,성문전자우,014915,28 ,,013
K,비금속,성신양회,004980,2229 ,62,010
K,비금속,성신양회우,004985,89 ,,010
K,섬유/의류,성안머티리얼스,011300,750 ,70,006
K,일반서비스,성창기업지주,000180,1173 ,61,026
K,유통,세기상사,002420,359 ,46,016
K,운송/창고,세방,004360,2786 ,48,019
K,운송/창고,세방우,004365,338 ,,019
K,전기/전자,세방전지,004490,9492 ,54,013
K,금속,세아베스틸지주,001430,8194 ,37,011
K,금속,세아제강,306200,4467 ,35,011
K,금융,세아제강지주,003030,9257 ,32,021
K,금속,세아특수강,019440,1212 ,27,011
K,금속,세아홀딩스,058650,4032 ,16,011
K,유통,세우글로벌,013000,346 ,64,016
K,금속,세원이앤씨,091090,670 ,77,011
K,운송장비/부품,세원정공,021820,1121 ,52,015
K,유통,세이브존I&C,067830,1106 ,39,016
K,운송장비/부품,세진중공업,075580,6737 ,40,015
K,제약,셀트리온,068270,357661 ,66,009
K,전기/전자,솔루스첨단소재,336370,5961 ,46,013
K,전기/전자,솔루스첨단소재1우,33637K,277 ,,013
K,전기/전자,솔루스첨단소재2우B,33637L,154 ,,013
K,전기/전자,솔루엠,248070,7248 ,81,013
K,화학,송원산업,004430,2957 ,64,008
K,기계/장비,수산세보틱스,017550,1156 ,47,012
K,건설,수산인더스트리,126720,3714 ,27,018
K,오락/문화,스카이라이프,053210,2281 ,48,030
K,부동산,스타에스엠리츠,204210,159 ,,028
K,금융,스틱인베스트먼트,026890,4401 ,67,021
K,제조,시디즈,134790,615 ,25,027
K,IT 서비스,시프트업,462870,32977 ,56,029
K,종이/목재,신대양제지,016590,5231 ,16,007
K,전기/전자,신도리코,029530,4889 ,36,013
K,소형주,신라교역,004970,1576 ,33,004
K,전기/전자,신성이엔지,011930,3071 ,78,013
K,유통,신성통상,005390,5856 ,16,016
K,유통,신세계,004170,16541 ,61,016
K,IT 서비스,신세계 I&C,035510,2010 ,50,029
K,유통,신세계인터내셔날,031430,3789 ,43,016
K,일반서비스,신세계푸드,031440,1367 ,44,026
K,유통,신송홀딩스,006880,970 ,33,016
K,섬유/의류,신영와코루,005800,1133 ,51,006
K,증권,신영증권,001720,19070 ,25,024
K,섬유/의류,신원,009270,1955 ,50,006
K,유통,신일전자,002700,1061 ,81,016
K,유통,신풍,002870,410 ,45,016
K,제약,신풍제약,019170,5457 ,61,009
K,제약,신풍제약우,019175,675 ,,009
K,금융,신한글로벌액티브리츠,481850,669 ,,021
K,부동산,신한서부티엔디리츠,404990,1877 ,,028
K,부동산,신한알파리츠,293940,6676 ,,028
K,금융,신한지주,055550,292547 ,77,021
K,유통,신흥,004080,1383 ,19,016
K,섬유/의류,쌍방울,102280,706 ,87,006
K,전기/전자,써니전자,004770,620 ,93,013
K,일반서비스,쏘카,403550,4444 ,53,026
K,전기/전자,씨아이테크,004920,700 ,77,013
K,금속,씨에스윈드,112610,20601 ,56,011
K,건설,씨케이솔루션,480370,1182 ,35,018
K,운송장비/부품,씨티알모빌리티,308170,556 ,51,015
K,전기/전자,아남전자,008700,1138 ,66,013
K,화학,아모레퍼시픽,090430,77386 ,49,008
K,화학,아모레퍼시픽우,090435,4630 ,,008
K,화학,아모레퍼시픽홀딩스,002790,22169 ,31,008
K,화학,아모레퍼시픽홀딩스3우C,00279K,1514 ,,008
K,화학,아모레퍼시픽홀딩스우,002795,758 ,,008
K,일반서비스,아세아,002030,6284 ,33,026
K,비금속,아세아시멘트,183190,4470 ,33,010
K,종이/목재,아세아제지,002310,3310 ,40,007
K,오락/문화,아센디오,012170,426 ,89,030
K,IT 서비스,아시아나IDT,267850,1283 ,23,029
K,운송/창고,아시아나항공,020560,19693 ,36,019
K,유통,아이마켓코리아,122900,2751 ,51,016
K,비금속,아이에스동서,010780,7018 ,42,010
K,IT 서비스,아이티센씨티에스,031820,787 ,74,029
K,금속,아주스틸,139990,1624 ,69,011
K,운송장비/부품,아진전자부품,009320,513 ,61,015
K,금속,알루코,001780,2276 ,53,011
K,화학,애경산업,018250,4043 ,30,008
K,화학,애경케미칼,161000,4914 ,36,008
K,제조,에넥스,011090,395 ,71,027
K,의료/정밀기기,에스디바이오센서,137310,13916 ,26,014
K,운송장비/부품,에스엘,005850,14422 ,36,015
K,운송장비/부품,에스엠벡셀,010580,1859 ,13,015
K,일반서비스,에스원,012750,26295 ,63,026
K,건설,에쓰씨엔지니어링,023960,441 ,85,018
K,운송/창고,에어부산,298690,2449 ,58,019
K,부동산,에이리츠,140910,140 ,,028
K,화학,에이블씨엔씨,078520,1857 ,35,008
K,전기/전자,에이엔피,015260,185 ,46,013
K,금속,에이프로젠,007460,2145 ,55,011
K,제약,에이프로젠바이오로직스,003060,1309 ,42,009
K,금융,에이플러스에셋,244920,1393 ,64,021
K,화학,에이피알,278470,49576 ,63,008
K,전기/전자,에코프로머티,450080,30421 ,48,013
K,전기/전자,엑시큐어하이트론,019490,549 ,78,013
K,IT 서비스,엔씨소프트,036570,38025 ,77,029
K,금속,엔케이,085310,658 ,68,011
K,,엘브이엠씨홀딩스,900140,3660 ,52,001
K,전기/전자,엘앤에프,066970,18013 ,68,013
K,전기/전자,엠씨넥스,097520,4863 ,61,013
K,기계/장비,엠앤씨솔루션,484870,12047 ,25,012
K,화학,영보화학,014440,897 ,46,008
K,유통,영원무역,111770,26277 ,45,016
K,금융,영원무역홀딩스,009970,17778 ,39,021
K,제약,영진약품,003520,3978 ,47,009
K,금속,영풍,000670,7978 ,40,011
K,종이/목재,영풍제지,006740,619 ,79,007
K,운송장비/부품,영화금속,012280,452 ,70,015
K,금속,영흥,012160,526 ,42,011
K,음식료/담배,오뚜기,007310,15831 ,35,005
K,제약,오리엔트바이오,002630,1059 ,64,009
K,음식료/담배,오리온,271560,44043 ,56,005
K,금융,오리온홀딩스,001800,13312 ,32,021
K,유통,온타이드,005320,334 ,65,016
K,전기/전자,와이투솔루션,011690,1101 ,71,013
K,금융,우리금융지주,316140,152603 ,87,021
K,음식료/담배,우성,006980,557 ,44,005
K,기계/장비,우신시스템,017370,1348 ,46,012
K,의료/정밀기기,우진,105840,2113 ,65,014
K,건설,우진아이엔에스,010400,212 ,35,018
K,기계/장비,우진플라임,049800,400 ,59,012
K,일반서비스,웅진,016880,1854 ,68,026
K,일반서비스,웅진씽크빅,095720,2040 ,37,026
K,섬유/의류,원림,005820,357 ,29,006
K,유통,웰바이오텍,010600,496 ,93,016
K,유통,윌비스,008600,320 ,86,016
K,제약,유나이티드제약,033270,3397 ,52,009
K,화학,유니드,014830,5637 ,52,008
K,종이/목재,유니드비티플러스,446070,458 ,46,007
K,비금속,유니온,000910,749 ,59,010
K,비금속,유니온머티리얼,047400,701 ,60,010
K,섬유/의류,유니켐,011330,1452 ,76,006
K,유통,유니퀘스트,077500,1361 ,53,016
K,운송장비/부품,유성기업,002920,524 ,50,015
K,일반서비스,유수홀딩스,000700,1581 ,50,026
K,증권,유안타증권,003470,6976 ,37,024
K,증권,유안타증권우,003475,466 ,,024
K,IT 서비스,유엔젤,072130,659 ,78,029
K,제약,유유제약,000220,778 ,59,009
K,제약,유유제약1우,000225,113 ,,009
K,제약,유유제약2우B,000227,35 ,,009
K,증권,유진투자증권,001200,3415 ,62,024
K,제약,유한양행,000100,85166 ,68,009
K,제약,유한양행우,000105,1143 ,,009
K,증권,유화증권,003460,1559 ,31,024
K,증권,유화증권우,003465,454 ,,024
K,화학,율촌화학,008730,7539 ,43,008
K,종이/목재,이건산업,008250,611 ,58,007
K,금속,이구산업,025820,1612 ,49,011
K,일반서비스,이노션,214320,7496 ,70,026
K,부동산,이리츠코크렙,088260,2866 ,,028
K,유통,이마트,139480,22932 ,68,016
K,화학,이수스페셜티케미컬,457190,12249 ,63,008
K,전기/전자,이수페타시스,007660,32520 ,73,013
K,화학,이수화학,005950,1425 ,69,008
K,부동산,이스타코,015020,342 ,71,028
K,유통,이아이디,093230,3541 ,74,016
K,기계/장비,이엔플러스,074610,375 ,97,012
K,제약,이연제약,102460,2078 ,44,009
K,제조,이월드,084680,2134 ,37,027
K,부동산,이지스레지던스리츠,350520,1552 ,,028
K,부동산,이지스밸류플러스리츠,334890,2500 ,,028
K,유통,이화산업,000760,366 ,27,016
K,섬유/의류,인디에프,014990,879 ,33,006
K,유통,인바이오젠,101140,1274 ,20,016
K,통신,인스코비,006490,2174 ,89,020
K,운송장비/부품,인지컨트롤스,023800,971 ,57,015
K,전기/가스,인천도시가스,034590,1118 ,24,017
K,운송/창고,인터지스,129260,826 ,37,019
K,운송장비/부품,인팩,023810,599 ,48,015
K,제약,일동제약,249420,3440 ,60,009
K,제약,일동홀딩스,000230,786 ,51,009
K,건설,일성건설,013360,1063 ,39,018
K,제약,일성아이에스,003120,2919 ,13,009
K,섬유/의류,일신방직,003200,2457 ,40,006
K,유통,일신석재,007110,2080 ,58,016
K,제약,일양약품,007570,2437 ,67,009
K,제약,일양약품우,007575,62 ,,009
K,섬유/의류,일정실업,008500,166 ,35,006
K,화학,일진다이아,081000,1832 ,47,008
K,전기/전자,일진디스플,020760,379 ,56,013
K,전기/전자,일진전기,103590,15116 ,46,013
K,운송장비/부품,일진하이솔루스,271940,5255 ,29,015
K,금융,일진홀딩스,015860,2551 ,37,021
K,화학,잇츠한불,226320,2851 ,18,008
K,부동산,자이에스앤디,317400,1429 ,43,028
K,전기/전자,자화전자,033240,3029 ,57,013
K,섬유/의류,전방,000950,631 ,51,006
K,기계/장비,전진건설로봇,079900,6756 ,20,012
K,부동산,제이알글로벌리츠,348950,5388 ,,028
K,섬유/의류,제이에스코퍼레이션,194370,3065 ,42,006
K,화학,제이준코스메틱,025620,405 ,75,008
K,일반서비스,제일기획,030000,22778 ,59,026
K,제약,제일약품,271980,1926 ,36,009
K,비금속,제일연마,001560,990 ,16,010
K,일반서비스,제일파마홀딩스,002620,1331 ,22,026
K,은행,제주은행,006220,3712 ,20,#N/A
K,운송/창고,제주항공,089590,5484 ,45,019
K,화학,조광페인트,004910,713 ,42,008
K,섬유/의류,조광피혁,004700,4122 ,22,006
K,화학,조비,001550,811 ,43,008
K,비금속,조선내화,462520,1611 ,19,010
K,금속,조선선재,120030,1279 ,22,011
K,금속,조일알미늄,018470,1992 ,57,011
K,음식료/담배,조흥,002600,946 ,32,005
K,제약,종근당,185750,11801 ,56,009
K,제약,종근당바이오,063160,1289 ,60,009
K,제약,종근당홀딩스,001630,2660 ,47,009
K,전기/전자,주성코퍼레이션,109070,485 ,64,013
K,전기/전자,주연테크,044380,247 ,61,013
K,제조,지누스,013890,3688 ,53,027
K,운송장비/부품,지엠비코리아,013870,763 ,40,015
K,전기/가스,지역난방공사,071320,9136 ,20,017
K,유통,진도,088790,244 ,49,016
K,화학,진양산업,003780,755 ,48,008
K,화학,진양폴리,010640,402 ,49,008
K,화학,진양홀딩스,100250,1819 ,32,008
K,화학,진양화학,051630,438 ,31,008
K,운송/창고,진에어,272450,4740 ,41,019
K,제약,진원생명과학,011000,2318 ,85,009
K,건설,진흥기업,002780,1132 ,51,018
K,건설,진흥기업2우B,002787,23 ,,018
K,건설,진흥기업우B,002785,31 ,,018
K,기계/장비,참엔지니어링,009310,233 ,50,012
K,운송/창고,천일고속,000650,597 ,14,019
K,운송장비/부품,체시스,033250,422 ,63,015
K,IT 서비스,카카오,035720,227510 ,75,029
K,은행,카카오뱅크,323410,132603 ,72,#N/A
K,금융,카카오페이,377300,81355 ,21,021
K,화학,카프로,006380,6185 ,4,008
K,운송장비/부품,케이비아이동국실업,001620,545 ,51,015
K,의료/정밀기기,케이씨,029460,3142 ,42,014
K,의료/정밀기기,케이씨텍,281820,5421 ,40,014
K,유통,케이카,381970,7704 ,27,016
K,부동산,케이탑리츠,145270,462 ,,028
K,부동산,코람코더원리츠,417310,2093 ,,028
K,부동산,코람코라이프인프라리츠,357120,4312 ,,028
K,전기/전자,코리아써우,007815,174 ,,013
K,전기/전자,코리아써키트,007810,2577 ,46,013
K,전기/전자,코리아써키트2우B,00781K,42 ,,013
K,보험,코리안리,003690,19365 ,70,025
K,화학,코스맥스,192820,27125 ,70,008
K,금융,코스맥스비티아이,044820,1617 ,37,021
K,화학,코스모신소재,005070,10891 ,70,008
K,화학,코스모화학,005420,5381 ,67,008
K,제조,코아스,071950,323 ,87,027
K,금융,코오롱,002020,4331 ,48,021
K,화학,코오롱ENP,138490,2546 ,33,008
K,건설,코오롱글로벌,003070,1789 ,23,018
K,건설,코오롱글로벌우,003075,115 ,,018
K,유통,코오롱모빌리티그룹,450140,1394 ,21,016
K,유통,코오롱모빌리티그룹우,45014K,79 ,,016
K,금융,코오롱우,002025,192 ,,021
K,화학,코오롱인더,120110,9109 ,65,008
K,화학,코오롱인더우,120115,603 ,,008
K,일반서비스,코웨이,021240,67379 ,74,026
K,오락/문화,콘텐트리중앙,036420,2352 ,56,030
K,금융,콜마홀딩스,024720,4263 ,51,021
K,금융,쿠쿠홀딩스,192400,10953 ,22,021
K,일반서비스,쿠쿠홈시스,284740,6047 ,29,026
K,음식료/담배,크라운제과,264900,1123 ,34,005
K,음식료/담배,크라운제과우,26490K,79 ,,005
K,금융,크라운해태홀딩스,005740,1139 ,41,021
K,금융,크라운해태홀딩스우,005745,57 ,,021
K,IT 서비스,크래프톤,259960,173679 ,56,029
K,IT 서비스,키다리스튜디오,020120,1360 ,55,029
K,증권,키움증권,039490,47730 ,52,024
K,비금속,태경비케이,014580,1325 ,52,010
K,화학,태경산업,015890,1570 ,38,008
K,화학,태경케미컬,006890,1321 ,41,008
K,화학,태광산업,003240,11390 ,21,008
K,종이/목재,태림포장,011280,1561 ,28,007
K,운송장비/부품,태양금속,004100,985 ,56,015
K,운송장비/부품,태양금속우,004105,123 ,,015
K,건설,태영건설,009410,9055 ,3,018
K,건설,태영건설우,009415,37 ,,018
K,운송장비/부품,태원물산,001420,310 ,53,015
K,화학,테이팩스,055490,656 ,54,008
K,IT 서비스,텔코웨어,078000,1266 ,27,029
K,화학,토니모리,214420,2290 ,46,008
K,전기/전자,티에이치엔,019180,516 ,57,013
K,금융,티와이홀딩스,363280,1543 ,36,021
K,금융,티와이홀딩스우,36328K,59 ,,021
K,운송/창고,티웨이항공,091810,4426 ,66,019
K,비금속,티웨이홀딩스,004870,758 ,53,010
K,오락/문화,파라다이스,034230,12472 ,48,030
K,제약,파미셀,005690,6674 ,90,009
K,음식료/담배,팜스코,036580,984 ,38,005
K,제약,팜젠사이언스,004720,790 ,87,009
K,운송/창고,팬오션,028670,20795 ,45,019
K,금속,퍼스텍,010820,2097 ,55,011
K,제조,퍼시스,016800,5221 ,23,027
K,종이/목재,페이퍼코리아,001020,1281 ,13,007
K,운송장비/부품,평화산업,090080,593 ,44,015
K,운송장비/부품,평화홀딩스,010770,698 ,46,015
K,일반서비스,포스코DX,022100,35576 ,34,026
K,금속,포스코스틸리온,058430,2412 ,43,011
K,유통,포스코인터내셔널,047050,88137 ,26,016
K,전기/전자,포스코퓨처엠,003670,98456 ,37,013
K,음식료/담배,풀무원,017810,4582 ,36,005
K,금속,풍산,103140,29986 ,59,011
K,금융,풍산홀딩스,005810,6228 ,46,021
K,,프레스티지바이오파마,950210,7392 ,48,001
K,유통,플레이그램,009810,554 ,77,016
K,금융,하나금융지주,086790,223508 ,85,021
K,제약,하나제약,293480,2133 ,37,009
K,일반서비스,하나투어,039130,8101 ,71,026
K,오락/문화,하이브,352820,123290 ,52,030
K,금속,하이스틸,071090,843 ,46,011
K,음식료/담배,하이트진로,000080,13992 ,43,005
K,음식료/담배,하이트진로2우B,000087,179 ,,005
K,금융,하이트진로홀딩스,000140,2530 ,26,021
K,금융,하이트진로홀딩스우,000145,64 ,,021
K,,한국ANKOR유전,152550,235 ,,001
K,전기/가스,한국가스공사,036460,35817 ,46,017
K,운송/창고,한국공항,005430,1688 ,37,019
K,금융,한국금융지주,071050,67206 ,73,021
K,금융,한국금융지주우,071055,4839 ,,021
K,비금속,한국내화,010040,992 ,24,010
K,전기/전자,한국단자,025540,6524 ,61,013
K,운송장비/부품,한국무브넥스,010100,1328 ,57,015
K,비금속,한국석유,004090,2178 ,50,010
K,종이/목재,한국수출포장,002200,1212 ,45,007
K,화학,한국쉘석유,002960,5590 ,46,008
K,금융,한국앤컴퍼니,000240,17449 ,52,021
K,금융,한국자산신탁,123890,2998 ,45,021
K,전기/가스,한국전력,015760,176219 ,45,017
K,금융,한국전자홀딩스,006200,365 ,54,021
K,종이/목재,한국제지,027970,1571 ,15,007
K,일반서비스,한국종합기술,023350,609 ,40,026
K,기계/장비,한국주강,025890,214 ,41,012
K,금속,한국주철관,000970,1651 ,45,011
K,금속,한국철강,104700,3579 ,24,011
K,금속,한국카본,017960,12069 ,62,011
K,화학,한국콜마,161890,20843 ,73,008
K,화학,한국타이어앤테크놀로지,161390,48373 ,55,008
K,금융,한국토지신탁,034830,3179 ,49,021
K,금속,한국특강,007280,978 ,42,011
K,운송장비/부품,한국항공우주,047810,95233 ,72,015
K,유통,한국화장품,123690,1149 ,49,016
K,화학,한국화장품제조,003350,2348 ,35,008
K,화학,한농화성,011500,2316 ,51,008
K,제약,한독,002390,1606 ,56,009
K,일반서비스,한미글로벌,053690,1896 ,72,026
K,기계/장비,한미반도체,042700,83861 ,43,012
K,금융,한미사이언스,008930,25784 ,29,021
K,제약,한미약품,128940,38305 ,48,009
K,유통,한샘,009240,10508 ,34,016
K,섬유/의류,한섬,020000,3725 ,55,006
K,음식료/담배,한성기업,003680,315 ,51,005
K,섬유/의류,한세실업,105630,4292 ,32,006
K,유통,한세엠케이,069640,391 ,17,016
K,섬유/의류,한세예스24홀딩스,016450,1652 ,18,006
K,유통,한솔PNS,010420,383 ,15,016
K,운송/창고,한솔로지스틱스,009180,657 ,58,019
K,종이/목재,한솔제지,213500,2059 ,68,007
K,화학,한솔케미칼,014680,16867 ,75,008
K,전기/전자,한솔테크닉스,004710,1670 ,77,013
K,금융,한솔홀딩스,004150,1294 ,65,021
K,종이/목재,한솔홈데코,025750,591 ,76,007
K,건설,한신공영,004960,994 ,63,018
K,기계/장비,한신기계,011700,1192 ,78,012
K,증권,한양증권,001750,2202 ,59,024
K,증권,한양증권우,001755,90 ,,024
K,기계/장비,한온시스템,018880,20465 ,23,012
K,제약,한올바이오파마,009420,13713 ,65,009
K,운송/창고,한익스프레스,014130,422 ,50,019
K,비금속,한일시멘트,300720,12758 ,24,010
K,금속,한일철강,002220,686 ,37,011
K,비금속,한일현대시멘트,006390,3435 ,22,010
K,비금속,한일홀딩스,003300,5525 ,30,010
K,건설,한전KPS,051600,22725 ,48,018
K,일반서비스,한전기술,052690,39787 ,46,026
K,일반서비스,한전산업,130660,4795 ,69,026
K,운송/창고,한진,002320,3004 ,59,019
K,전기/가스,한진중공업홀딩스,003480,1574 ,39,017
K,금융,한진칼,180640,93734 ,68,021
K,금융,한진칼우,18064K,221 ,,021
K,유통,한창,005110,233 ,80,016
K,종이/목재,한창제지,009460,445 ,59,007
K,의료/정밀기기,한컴라이프케어,372910,933 ,63,014
K,화학,한화,000880,66563 ,36,008
K,화학,한화3우B,00088K,7277 ,,008
K,유통,한화갤러리아,452260,2479 ,45,016
K,유통,한화갤러리아우,45226K,69 ,,016
K,부동산,한화리츠,451800,7022 ,,028
K,금융,한화비전,489790,25800 ,65,021
K,보험,한화생명,088350,28705 ,41,025
K,보험,한화손해보험,000370,6432 ,45,025
K,화학,한화솔루션,009830,60850 ,61,008
K,화학,한화솔루션우,009835,747 ,,008
K,전기/전자,한화시스템,272210,102772 ,37,013
K,운송장비/부품,한화에어로스페이스,012450,446949 ,64,015
K,기계/장비,한화엔진,082740,24492 ,67,012
K,운송장비/부품,한화오션,042660,259532 ,33,015
K,화학,한화우,000885,133 ,,008
K,증권,한화투자증권,003530,12894 ,53,024
K,증권,한화투자증권우,003535,422 ,,024
K,전기/전자,해성디에스,195870,4046 ,61,013
K,음식료/담배,해태제과식품,101530,2032 ,28,005
K,운송장비/부품,핸즈코퍼레이션,143210,361 ,35,015
K,건설,현대건설,000720,81958 ,65,018
K,건설,현대건설우,000725,727 ,,018
K,유통,현대그린푸드,453340,5815 ,47,016
K,운송/창고,현대글로비스,086280,88200 ,49,019
K,운송장비/부품,현대로템,064350,203878 ,66,015
K,제조,현대리바트,079430,1643 ,56,027
K,운송장비/부품,현대모비스,012330,262246 ,64,015
K,유통,현대백화점,069960,15840 ,56,016
K,금속,현대비앤지스틸,004560,1876 ,54,011
K,제약,현대약품,004310,1115 ,58,009
K,기계/장비,현대엘리베이터,017800,31978 ,62,012
K,IT 서비스,현대오토에버,307950,39216 ,24,029
K,운송장비/부품,현대위아,011210,12319 ,57,015
K,금속,현대제철,004020,39166 ,62,011
K,금융,현대지에프홀딩스,005440,11989 ,22,021
K,운송장비/부품,현대차,005380,407468 ,66,015
K,운송장비/부품,현대차2우B,005387,53600 ,,015
K,운송장비/부품,현대차3우B,005389,3566 ,,015
K,운송장비/부품,현대차우,005385,35525 ,,015
K,증권,현대차증권,001500,4681 ,55,024
K,유통,현대코퍼레이션,011760,3618 ,65,016
K,유통,현대코퍼레이션홀딩스,227840,1149 ,47,016
K,통신,현대퓨처넷,126560,3565 ,21,020
K,보험,현대해상,001450,23602 ,64,025
K,유통,현대홈쇼핑,057050,6564 ,36,016
K,섬유/의류,형지엘리트,093240,950 ,71,006
K,유통,혜인,003010,666 ,60,016
K,섬유/의류,호전실업,111110,812 ,50,006
K,유통,호텔신라,008770,19624 ,77,016
K,유통,호텔신라우,008775,345 ,,016
K,운송장비/부품,화승알앤에이,378850,620 ,44,015
K,섬유/의류,화승엔터프라이즈,241590,4453 ,31,006
K,유통,화승인더,006060,2575 ,55,016
K,운송장비/부품,화승코퍼레이션,013520,1036 ,44,015
K,운송장비/부품,화신,010690,2912 ,49,015
K,금속,화인베스틸,133820,260 ,64,011
K,기계/장비,화천기계,010660,1113 ,59,012
K,기계/장비,화천기공,000850,715 ,51,012
K,제약,환인제약,016580,2202 ,58,009
K,금속,황금에스티,032560,1015 ,45,011
K,금융,효성,004800,10814 ,42,021
K,일반서비스,효성ITX,094280,1438 ,27,026
K,전기/전자,효성중공업,298040,63407 ,55,013
K,화학,효성티앤씨,298020,10776 ,57,008
K,화학,효성화학,298000,1475 ,47,008
K,화학,후성,093370,5652 ,54,008
K,전기/전자,휴니드,005870,1574 ,69,013
K,화학,휴비스,079980,1080 ,43,008
K,금속,휴스틸,005010,2854 ,51,011
K,보험,흥국화재,000540,2849 ,19,025
K,보험,흥국화재우,000545,58 ,,025
K,운송/창고,흥아해운,003280,5289 ,29,019
Q,의료/정밀기기,3S,060310,1242 ,84,125
Q,금융,APS,054620,1086 ,50,111
Q,기계/장비,AP시스템,265520,2552 ,71,123
Q,전기/전자,AP위성,211270,1989 ,69,124
Q,유통,AP헬스케어,109960,651 ,21,108
Q,IT 서비스,BF랩스,139050,242 ,82,129
Q,화학,BGF에코머티리얼즈,126600,1877 ,27,119
Q,운송장비/부품,CBI,013720,694 ,85,126
Q,일반서비스,CG인바이츠,083790,1538 ,80,103
Q,오락/문화,CJ ENM,035760,16995 ,51,141
Q,일반서비스,CJ 바이오사이언스,311690,1266 ,34,103
Q,유통,CJ프레시웨이,051500,3300 ,52,108
Q,제약,CMG제약,058820,3176 ,74,120
Q,금융,CNH,023460,41 ,88,111
Q,건설,CNT85,056730,611 ,49,107
Q,전기/전자,CS,065770,214 ,71,124
Q,화학,CSA 코스믹,083660,796 ,41,119
Q,금융,DB금융스팩12호,477760,124 ,86,111
Q,전기/전자,DGI,099520,581 ,58,124
Q,,DGP,060900,311 ,84,101
Q,운송장비/부품,DH오토리드,290120,442 ,31,126
Q,전기/전자,DH오토웨어,025440,383 ,22,124
Q,기계/장비,DMS,068790,1499 ,64,123
Q,금융,DSC인베스트먼트,241520,1976 ,70,111
Q,일반서비스,DXVX,180400,1029 ,76,103
Q,IT 서비스,E8,418620,504 ,56,129
Q,일반서비스,EDGC,245620,575 ,83,103
Q,화학,EG,037370,547 ,75,119
Q,유통,ES큐브,050120,380 ,47,108
Q,IT 서비스,FSN,214270,821 ,51,129
Q,섬유/의류,GH신소재,130500,400 ,49,116
Q,,GRT,900290,2454 ,49,101
Q,기계/장비,GST,083450,3452 ,73,123
Q,기계/장비,HB솔루션,297890,1763 ,71,123
Q,금융,HB인베스트먼트,440290,568 ,43,111
Q,기계/장비,HB테크놀러지,078150,1775 ,69,123
Q,제약,HK이노엔,195940,12380 ,52,120
Q,제약,HLB,028300,69261 ,90,120
Q,일반서비스,HLB바이오스텝,278650,1414 ,80,103
Q,제약,HLB생명과학,067630,7022 ,83,120
Q,전기/전자,HLB이노베이션,024850,2908 ,48,124
Q,제약,HLB제넥스,187420,1014 ,68,120
Q,일반서비스,HLB제약,047920,6263 ,79,103
Q,유통,HLB테라퓨틱스,115450,7796 ,86,108
Q,제약,HLB파나진,046210,998 ,80,120
Q,제약,HLB펩,196300,840 ,64,120
Q,기계/장비,HPSP,403870,23087 ,56,123
Q,화학,HRS,036640,886 ,52,119
Q,금융,IBKS제21호스팩,442770,91 ,93,111
Q,금융,IBKS제22호스팩,448760,101 ,91,111
Q,금융,IBKS제23호스팩,467930,92 ,95,111
Q,금융,IBKS제24호스팩,469480,91 ,95,111
Q,오락/문화,iMBC,052220,881 ,41,141
Q,유통,ISC,095340,11234 ,47,108
Q,,JTC,950170,2326 ,27,101
Q,제약,JW신약,067290,907 ,69,120
Q,오락/문화,JYP Ent.,035900,27005 ,77,141
Q,화학,KBG,318000,399 ,63,119
Q,금속,KBI메탈,024840,692 ,68,122
Q,운송장비/부품,KB오토시스,024120,401 ,56,126
Q,금융,KB제25호스팩,455250,92 ,92,111
Q,금융,KB제27호스팩,464680,263 ,95,111
Q,금융,KB제28호스팩,476470,115 ,90,111
Q,금융,KB제29호스팩,478390,131 ,96,111
Q,금융,KB제30호스팩,486630,112 ,94,111
Q,금융,KB제31호스팩,492220,124 ,96,111
Q,건설,KCC건설,021320,1104 ,24,107
Q,건설,KD,044180,172 ,73,107
Q,IT 서비스,KG모빌리언스,046440,2269 ,43,129
Q,운송장비/부품,KG에코솔루션,151860,2951 ,39,126
Q,IT 서비스,KG이니시스,035600,2813 ,55,129
Q,건설,KH 건설,226360,676 ,64,107
Q,전기/전자,KH 미래물산,111870,627 ,72,124
Q,전기/전자,KH바텍,060720,2396 ,70,124
Q,오락/문화,KNN,058400,1044 ,60,141
Q,기계/장비,KS인더스트리,101000,788 ,92,123
Q,일반서비스,KT나스미디어,089600,1886 ,54,103
Q,IT 서비스,KT밀리의서재,418470,1400 ,61,129
Q,오락/문화,KT지니뮤직,043610,1232 ,64,141
Q,오락/문화,KX,122450,1854 ,40,141
Q,화학,KX하이텍,052900,545 ,65,119
Q,기계/장비,KZ정밀,036560,1914 ,29,123
Q,전기/전자,LB세미콘,061970,2079 ,72,124
Q,금융,LB인베스트먼트,309960,1228 ,19,111
Q,의료/정밀기기,LK삼양,225190,1398 ,32,125
Q,건설,LS마린솔루션,060370,9458 ,29,107
Q,전기/전자,LS머트리얼즈,417200,7746 ,52,124
Q,금융,LS증권,078020,2660 ,28,111
Q,IT 서비스,LS티라유텍,322180,1082 ,71,129
Q,오락/문화,M83,476080,1083 ,49,141
Q,IT 서비스,MDS테크,086960,1244 ,74,129
Q,오락/문화,NEW,160550,639 ,63,141
Q,오락/문화,NE능률,053290,440 ,51,141
Q,금융,NHN KCP,060250,3586 ,50,111
Q,IT 서비스,NHN벅스,104200,457 ,45,129
Q,일반서비스,NICE인프라,063570,1660 ,53,103
Q,기계/장비,NPX,222160,796 ,77,123
Q,유통,PN풍년,024940,469 ,59,108
Q,전기/전자,PS일렉트로닉스,332570,1608 ,67,124
Q,전기/전자,RFHIC,218410,6091 ,62,124
Q,전기/전자,RF머트리얼즈,327260,524 ,41,124
Q,금속,RF시스템즈,474610,690 ,49,122
Q,전기/전자,S&K폴리텍,091340,339 ,49,124
Q,오락/문화,SAMG엔터,419530,6920 ,74,141
Q,금융,SBI인베스트먼트,019550,1288 ,55,111
Q,,SBI핀테크솔루션즈,950110,1185 ,9,101
Q,제약,SCL사이언스,246960,850 ,64,120
Q,유통,SDN,099220,909 ,83,108
Q,전기/전자,SFA반도체,036540,4991 ,44,124
Q,비금속,SG,255220,2198 ,70,121
Q,운송장비/부품,SG&G,040610,603 ,49,126
Q,IT 서비스,SGA,049470,240 ,61,129
Q,IT 서비스,SGA솔루션즈,184230,405 ,59,129
Q,건설,SGC E&C,016250,545 ,55,107
Q,IT 서비스,SKAI,357880,778 ,87,129
Q,일반서비스,SM C&C,048550,1403 ,46,103
Q,출판/매체복제,SM Life Design,063440,722 ,70,118
Q,IT 서비스,SOOP,067160,10276 ,66,129
Q,금융,SV인베스트먼트,289080,867 ,73,111
Q,IT 서비스,THE E&M,089230,220 ,73,129
Q,전기/전자,TJ미디어,032540,779 ,42,124
Q,화학,TKG애강,022220,481 ,52,119
Q,기계/장비,TPC,048770,303 ,49,123
Q,금융,TS인베스트먼트,246690,728 ,60,111
Q,화학,TS트릴리온,317240,253 ,79,119
Q,일반서비스,YBM넷,057030,587 ,50,103
Q,오락/문화,YTN,040300,1285 ,68,141
Q,유통,YW,051390,429 ,46,108
Q,IT 서비스,가비아,079940,3100 ,70,129
Q,전기/전자,가온그룹,078890,606 ,77,124
Q,전기/전자,가온칩스,399720,4964 ,51,124
Q,유통,감성코퍼레이션,036620,5289 ,71,108
Q,비금속,강동씨앤엘,198440,729 ,30,121
Q,제약,강스템바이오텍,217730,899 ,85,120
Q,전기/전자,강원에너지,114190,1946 ,52,124
Q,IT 서비스,갤럭시아머니트리,094480,4963 ,45,129
Q,금속,경남스틸,039240,859 ,57,122
Q,제약,경남제약,053950,519 ,81,120
Q,제약,경동제약,011040,1828 ,42,120
Q,운송장비/부품,경창산업,024910,601 ,49,126
Q,일반서비스,고려신용정보,049720,1466 ,48,103
Q,제약,고려제약,014570,541 ,48,120
Q,일반서비스,고바이오랩,348150,932 ,70,103
Q,,고스트스튜디오,950190,1432 ,46,101
Q,기계/장비,고영,098460,10436 ,75,123
Q,오락/문화,골드앤에스,035290,207 ,47,141
Q,IT 서비스,골프존,215000,4148 ,55,129
Q,유통,골프존홀딩스,121440,2416 ,36,108
Q,섬유/의류,공구우먼,366030,911 ,33,116
Q,운송장비/부품,광림,014200,913 ,75,126
Q,전기/전자,광무,029480,1320 ,81,124
Q,금속,광진실업,026910,197 ,57,122
Q,금융,교보13호스팩,440790,87 ,93,111
Q,금융,교보14호스팩,456490,92 ,92,111
Q,금융,교보15호스팩,465320,82 ,93,111
Q,금융,교보16호스팩,482520,124 ,94,111
Q,금융,교보17호스팩,489210,107 ,97,111
Q,운송장비/부품,구영테크,053270,618 ,49,126
Q,건설,국보디자인,066620,1470 ,35,107
Q,음식료/담배,국순당,043650,817 ,45,115
Q,비금속,국영지앤엠,006050,481 ,82,121
Q,금속,국일신동,060480,202 ,57,122
Q,종이/목재,국일제지,078130,9019 ,10,117
Q,제약,국전약품,307750,1876 ,37,120
Q,유통,그래디언트,035080,1967 ,54,108
Q,일반서비스,그리드위즈,453450,1644 ,71,103
Q,섬유/의류,그리티,204020,680 ,61,116
Q,전기/전자,그린리소스,402490,1172 ,47,124
Q,제약,그린생명과학,114450,767 ,68,120
Q,금속,그린플러스,186230,867 ,65,122
Q,,글로벌에스엠,900070,227 ,49,101
Q,금융,글로벌텍스프리,204620,4168 ,76,111
Q,유통,글로본,019660,425 ,71,108
Q,금속,금강철강,053260,773 ,30,122
Q,건설,금양그린파워,282720,1281 ,40,107
Q,건설,금화피에스시,036190,1902 ,59,107
Q,전기/전자,기가레인,049080,438 ,72,124
Q,기계/장비,기가비스,420770,3511 ,34,123
Q,전기/전자,기산텔레콤,035460,348 ,64,124
Q,기타제조,꿈비,407400,1178 ,52,127
Q,화학,나노,187790,324 ,88,119
Q,화학,나노신소재,121600,5977 ,76,119
Q,화학,나노실리칸첨단소재,286750,544 ,95,119
Q,전기/전자,나노씨엠에스,247660,250 ,73,124
Q,의료/정밀기기,나노엔텍,039860,1175 ,58,125
Q,화학,나노캠텍,091970,269 ,67,119
Q,기계/장비,나노팀,417010,1159 ,47,123
Q,유통,나라셀라,405920,327 ,42,108
Q,기계/장비,나라엠앤디,051490,552 ,73,123
Q,기계/장비,나래나노텍,137080,369 ,50,123
Q,전기/전자,나무가,190510,1957 ,58,124
Q,IT 서비스,나무기술,242040,564 ,78,129
Q,금융,나우IB,293580,1430 ,35,111
Q,기계/장비,나우로보틱스,459510,2830 ,48,123
Q,제약,나이벡,138610,3177 ,80,120
Q,일반서비스,나이스디앤비,130580,849 ,64,103
Q,통신,나이스정보통신,036800,2175 ,44,128
Q,기계/장비,나인테크,267320,2176 ,72,123
Q,오락/문화,남화산업,111710,1075 ,14,141
Q,건설,남화토건,091590,531 ,41,107
Q,일반서비스,내츄럴엔도텍,168330,1623 ,65,103
Q,IT 서비스,네오리진,094860,217 ,81,129
Q,기계/장비,네오셈,253590,4146 ,44,123
Q,운송장비/부품,네오오토,212560,652 ,48,126
Q,IT 서비스,네오위즈,095660,5191 ,51,129
Q,IT 서비스,네오위즈홀딩스,042420,2441 ,28,129
Q,,네오이뮨텍,950220,1152 ,78,101
Q,음식료/담배,네오크레마,311390,785 ,67,115
Q,운송장비/부품,네오티스,085910,453 ,52,126
Q,화학,네오팜,092730,2330 ,57,119
Q,의료/정밀기기,네오펙트,290660,411 ,69,125
Q,기계/장비,네온테크,306620,1082 ,46,123
Q,IT 서비스,네이블,153460,502 ,30,129
Q,제약,네이처셀,007390,18590 ,82,120
Q,전기/전자,네패스,033640,2276 ,72,124
Q,일반서비스,네패스아크,330860,1412 ,62,103
Q,기계/장비,넥사다이내믹스,351320,556 ,89,123
Q,기계/장비,넥스턴바이오,089140,407 ,79,123
Q,의료/정밀기기,넥스트바이오메디컬,389650,3795 ,54,125
Q,의료/정밀기기,넥스트아이,137940,338 ,68,125
Q,전기/전자,넥스트칩,396270,1277 ,56,124
Q,기계/장비,넥스틴,348210,5595 ,70,123
Q,IT 서비스,넥슨게임즈,225570,11091 ,33,129
Q,IT 서비스,넥써쓰,205500,1900 ,65,129
Q,IT 서비스,넵튠,217270,3853 ,45,129
Q,일반서비스,노랑풍선,104620,783 ,61,103
Q,오락/문화,노머스,473980,3263 ,67,141
Q,음식료/담배,노바렉스,194700,3141 ,63,115
Q,기타제조,노바텍,285490,1899 ,34,127
Q,섬유/의류,노브랜드,145170,891 ,46,116
Q,의료/정밀기기,노블엠앤비,106520,159 ,87,125
Q,의료/정밀기기,노을,376930,887 ,76,125
Q,제약,녹십자엠에스,142280,920 ,48,120
Q,제약,녹십자웰빙,234690,1731 ,53,120
Q,,농우바이오,054050,1315 ,42,101
Q,금속,누리플랜,069140,192 ,73,122
Q,IT 서비스,누리플렉스,040160,452 ,55,129
Q,화학,누보,332290,400 ,39,119
Q,기계/장비,뉴로메카,348340,2596 ,76,123
Q,화학,뉴보텍,060260,238 ,74,119
Q,기계/장비,뉴온,123840,390 ,38,123
Q,운송장비/부품,뉴인텍,012340,340 ,83,126
Q,음식료/담배,뉴트리,270870,493 ,42,115
Q,기계/장비,뉴파워프라즈마,144960,2303 ,57,123
Q,전기/전자,뉴프렉스,085670,1098 ,68,124
Q,IT 서비스,다날,064260,4165 ,78,129
Q,전기/전자,다보링크,340360,666 ,78,124
Q,전기/전자,다산네트웍스,039560,1200 ,70,124
Q,전기/전자,다산솔루에타,154040,234 ,64,124
Q,유통,다우데이타,032190,6442 ,36,108
Q,의료/정밀기기,다원넥스뷰,323350,586 ,54,125
Q,전기/전자,다원시스,068240,3473 ,85,124
Q,오락/문화,닷밀,464580,277 ,65,141
Q,금속,대동금속,020400,196 ,47,122
Q,기계/장비,대동기어,008830,1591 ,46,123
Q,유통,대동스틸,048470,423 ,53,108
Q,금속,대륙제관,004780,618 ,46,122
Q,종이/목재,대림제지,017650,636 ,30,117
Q,건설,대명에너지,389260,4910 ,24,107
Q,기계/장비,대모,317850,619 ,70,123
Q,전기/전자,대보마그네틱,290670,1454 ,49,124
Q,제약,대봉엘에스,078140,1540 ,47,120
Q,유통,대산F&B,065150,231 ,75,108
Q,제약,대성미생물,036480,316 ,61,120
Q,금융,대성창투,027830,1035 ,48,111
Q,운송장비/부품,대성파인텍,104040,535 ,74,126
Q,기계/장비,대성하이텍,129920,905 ,47,123
Q,금융,대신밸런스제14호스팩,442310,144 ,88,111
Q,금융,대신밸런스제16호스팩,457630,156 ,89,111
Q,금융,대신밸런스제17호스팩,471050,132 ,91,111
Q,금융,대신밸런스제18호스팩,478780,173 ,91,111
Q,금융,대신밸런스제19호스팩,482690,119 ,98,111
Q,IT 서비스,대신정보통신,020180,448 ,80,129
Q,전기/전자,대아티아이,045390,4130 ,83,124
Q,운송장비/부품,대양전기공업,108380,2110 ,34,126
Q,건설,대원,007680,633 ,23,107
Q,유통,대원미디어,048910,1322 ,59,108
Q,운송장비/부품,대원산업,005710,1932 ,37,126
Q,화학,대유,290380,568 ,72,119
Q,화학,대정화금,120240,1057 ,48,119
Q,음식료/담배,대주산업,003310,657 ,64,115
Q,전기/전자,대주전자재료,078600,10713 ,69,124
Q,화학,대진첨단소재,393970,1435 ,72,119
Q,금속,대창솔루션,096350,665 ,79,122
Q,금속,대창스틸,140520,497 ,34,122
Q,유통,대한과학,131220,372 ,62,108
Q,전기/전자,대한광통신,010170,788 ,73,124
Q,제약,대한뉴팜,054670,1203 ,57,120
Q,제약,대한약품,023910,1836 ,58,120
Q,금속,대호특수강,021040,317 ,43,122
Q,금속,대호특수강우,021045,24 ,,122
Q,제약,대화제약,067080,2878 ,65,120
Q,섬유/의류,더네이쳐홀딩스,298540,1773 ,58,116
Q,일반서비스,더라미,032860,487 ,46,103
Q,의료/정밀기기,더바이오메드,214610,296 ,71,125
Q,전기/전자,더블유씨피,393890,2498 ,63,124
Q,유통,더블유에스아이,299170,536 ,34,108
Q,통신,더즌,462860,2607 ,18,128
Q,기계/장비,더코디,224060,170 ,78,123
Q,유통,더테크놀로지,043090,47 ,86,108
Q,전기/전자,덕산네오룩스,213420,8455 ,52,124
Q,화학,덕산테코피아,317330,3450 ,51,119
Q,전기/전자,덕산하이메탈,077360,1879 ,42,124
Q,금속,덕신이피씨,090410,726 ,66,122
Q,전기/전자,덕우전자,263600,760 ,43,124
Q,IT 서비스,데브시스터즈,194480,5266 ,65,129
Q,일반서비스,데이원컴퍼니,373160,914 ,68,103
Q,유통,데이타솔루션,263800,773 ,33,108
Q,오락/문화,덱스터,206560,1865 ,78,141
Q,의료/정밀기기,덴티스,261200,1100 ,68,125
Q,유통,도이치모터스,067990,1335 ,59,108
Q,제약,동구바이오제약,006620,1574 ,57,120
Q,금속,동국S&C,100130,1629 ,47,122
Q,금속,동국산업,005160,2080 ,44,122
Q,제약,동국생명과학,303810,1436 ,32,120
Q,비금속,동국알앤에스,075970,452 ,46,121
Q,제약,동국제약,086450,7778 ,53,120
Q,의료/정밀기기,동방메디컬,240550,2713 ,43,125
Q,운송장비/부품,동방선기,099410,508 ,65,126
Q,화학,동성화인텍,033500,8127 ,61,119
Q,건설,동신건설,025950,2159 ,31,107
Q,기계/장비,동아엘텍,088130,525 ,62,123
Q,화학,동아화성,041930,902 ,49,119
Q,금속,동양에스텍,060380,275 ,42,122
Q,전기/전자,동양이엔피,079960,1859 ,55,124
Q,비금속,동양파일,228340,406 ,40,121
Q,음식료/담배,동우팜투테이블,088910,561 ,47,115
Q,전기/전자,동운아나텍,094170,3916 ,80,124
Q,건설,동원개발,013120,2443 ,34,107
Q,금속,동일금속,109860,770 ,33,122
Q,전기/전자,동일기연,032960,442 ,21,124
Q,금속,동일스틸럭스,023790,193 ,61,122
Q,화학,동진쎄미켐,005290,15322 ,65,119
Q,종이/목재,동화기업,025900,4323 ,23,117
Q,일반서비스,두산테스나,131970,5421 ,72,103
Q,기타제조,듀오백,073190,269 ,48,127
Q,제약,듀켐바이오,176750,3102 ,38,120
Q,IT 서비스,드래곤플라이,030350,135 ,91,129
Q,IT 서비스,드림시큐리티,203650,1885 ,55,129
Q,일반서비스,드림씨아이에스,223250,794 ,28,103
Q,오락/문화,드림어스컴퍼니,060570,1369 ,28,141
Q,일반서비스,드림인사이트,362990,365 ,37,103
Q,유통,디모아,016670,254 ,51,108
Q,기계/장비,디바이스,187870,795 ,60,123
Q,금융,디비금융제13호스팩,489730,132 ,95,111
Q,기계/장비,디아이티,110990,2536 ,58,123
Q,의료/정밀기기,디알젬,263690,621 ,52,125
Q,의료/정밀기기,디알텍,214680,1420 ,93,125
Q,일반서비스,디앤디파마텍,347850,10500 ,78,103
Q,오락/문화,디앤씨미디어,263720,2201 ,52,141
Q,IT 서비스,디어유,376300,12391 ,49,129
Q,기계/장비,디에스케이,109740,1897 ,54,123
Q,유통,디에이치엑스컴퍼니,031860,200 ,79,108
Q,기계/장비,디에이테크놀로지,196490,362 ,93,123
Q,전기/전자,디에이피,066900,595 ,22,124
Q,화학,디엔에프,092070,1481 ,68,119
Q,의료/정밀기기,디오,039840,2733 ,61,125
Q,유통,디와이디,219550,758 ,86,108
Q,운송장비/부품,디와이씨,310870,314 ,73,126
Q,기계/장비,디와이피엔에프,104460,1765 ,42,123
Q,전기/전자,디이엔티,079810,1313 ,76,124
Q,운송장비/부품,디젠스,113810,345 ,65,126
Q,전기/전자,디지아이,043360,203 ,58,124
Q,IT 서비스,디지캡,197140,295 ,56,129
Q,일반서비스,디지털대성,068930,2073 ,39,103
Q,IT 서비스,디지틀조선,033130,587 ,70,129
Q,기계/장비,디케이락,105740,824 ,63,123
Q,화학,디케이앤디,263020,430 ,64,119
Q,전기/전자,디케이티,290550,1318 ,49,124
Q,전기/전자,디티씨,066670,613 ,49,124
Q,일반서비스,디티앤씨,187220,355 ,58,103
Q,일반서비스,디티앤씨알오,383930,521 ,67,103
Q,전기/전자,딜리,131180,294 ,57,124
Q,IT 서비스,딥노이드,315640,1405 ,68,129
Q,유통,딥마인드,223310,636 ,35,108
Q,전기/전자,라닉스,317120,233 ,74,124
Q,의료/정밀기기,라메디텍,462510,704 ,62,125
Q,IT 서비스,라온시큐어,042510,1321 ,57,129
Q,기계/장비,라온테크,232680,965 ,57,123
Q,전기/전자,라온텍,418420,1083 ,70,124
Q,IT 서비스,라온피플,300120,968 ,55,129
Q,화학,라이온켐텍,171120,849 ,42,119
Q,전기/전자,라이콤,388790,805 ,39,124
Q,화학,라파스,214260,1523 ,73,119
Q,화학,램테크놀러지,171010,613 ,67,119
Q,일반서비스,랩지노믹스,084650,1997 ,83,103
Q,기계/장비,러셀,217500,578 ,53,123
Q,일반서비스,레드캡투어,038390,2030 ,23,103
Q,화학,레몬,294140,903 ,46,119
Q,일반서비스,레뷰코퍼레이션,443250,1277 ,43,103
Q,의료/정밀기기,레이,228670,1281 ,72,125
Q,의료/정밀기기,레이언스,228850,1150 ,30,125
Q,기계/장비,레이저쎌,412350,291 ,79,123
Q,의료/정밀기기,레이저옵텍,199550,1043 ,69,125
Q,화학,레이크머티리얼즈,281740,8039 ,56,119
Q,기계/장비,레인보우로보틱스,277810,53738 ,54,123
Q,전기/전자,로보로보,215100,937 ,63,124
Q,기계/장비,로보스타,090360,2364 ,66,123
Q,기계/장비,로보티즈,108490,7293 ,73,123
Q,,로스웰,900260,238 ,66,101
Q,IT 서비스,로지시스,067730,348 ,45,129
Q,기계/장비,로체시스템즈,071280,2062 ,53,123
Q,제약,로킷헬스케어,376900,2186 ,73,120
Q,IT 서비스,루닛,328130,13219 ,80,129
Q,전기/전자,루멘스,038060,432 ,77,124
Q,운송장비/부품,루미르,474170,1463 ,48,126
Q,일반서비스,리가켐바이오,141080,39869 ,69,103
Q,전기/전자,리노공업,058470,36467 ,64,124
Q,종이/목재,리더스코스메틱,016100,444 ,66,117
Q,유통,리드코프,012700,1521 ,56,108
Q,의료/정밀기기,리메드,302550,1088 ,63,125
Q,기타제조,리튬포어스,073570,348 ,84,127
Q,IT 서비스,리파인,377450,2402 ,51,129
Q,금융,린드먼아시아,277070,711 ,19,111
Q,IT 서비스,링네트,042500,830 ,48,129
Q,전기/전자,링크드,193250,344 ,72,124
Q,기계/장비,링크솔루션,474650,1141 ,70,123
Q,IT 서비스,링크제니시스,219420,590 ,67,129
Q,화학,마녀공장,439090,2943 ,48,119
Q,음식료/담배,마니커에프앤지,195500,511 ,70,115
Q,IT 서비스,마음AI,377480,1682 ,79,129
Q,의료/정밀기기,마이크로디지탈,305090,1683 ,73,125
Q,전기/전자,마이크로컨텍솔,098120,1256 ,79,124
Q,전기/전자,마이크로투나노,424980,527 ,59,124
Q,일반서비스,마크로젠,038290,1702 ,79,103
Q,음식료/담배,매일유업,267980,2965 ,35,115
Q,음식료/담배,매일홀딩스,005990,1515 ,23,115
Q,유통,매커스,093520,2412 ,42,108
Q,전기/전자,머큐리,100590,529 ,45,124
Q,일반서비스,멀티캠퍼스,067280,2145 ,37,103
Q,오락/문화,메가스터디,072870,1309 ,56,141
Q,일반서비스,메가스터디교육,215200,5515 ,59,103
Q,일반서비스,메가엠디,133750,507 ,50,103
Q,전기/전자,메가터치,446540,828 ,42,124
Q,일반서비스,메드팩토,235980,1285 ,80,103
Q,의료/정밀기기,메디아나,041920,1142 ,57,125
Q,유통,메디앙스,014100,255 ,61,108
Q,운송장비/부품,메디콕스,054180,162 ,83,126
Q,제약,메디톡스,086900,11845 ,71,120
Q,제약,메디포스트,078160,3733 ,59,120
Q,일반서비스,메쎄이상,408920,1003 ,16,103
Q,금융,메이슨캐피탈,021880,756 ,51,111
Q,일반서비스,메지온,140410,12168 ,71,103
Q,전기/전자,메카로,241770,1284 ,45,124
Q,제약,메타바이오메드,059210,1537 ,75,120
Q,의료/정밀기기,멕아이씨에스,058110,367 ,71,125
Q,IT 서비스,모니터랩,434480,542 ,62,129
Q,유통,모다이노칩,080420,1838 ,23,108
Q,기계/장비,모델솔루션,417970,704 ,36,123
Q,일반서비스,모두투어,080160,2257 ,79,103
Q,IT 서비스,모바일어플라이언스,087260,659 ,82,129
Q,전기/전자,모베이스,101330,780 ,51,124
Q,운송장비/부품,모베이스전자,012860,1097 ,52,126
Q,일반서비스,모비데이즈,363260,562 ,49,103
Q,IT 서비스,모비릭스,348030,435 ,52,129
Q,IT 서비스,모비스,250060,830 ,66,129
Q,IT 서비스,모아데이타,288980,433 ,64,129
Q,일반서비스,모아라이프플러스,142760,721 ,80,103
Q,전기/전자,모아텍,033200,528 ,13,124
Q,IT 서비스,모코엠시스,333050,359 ,49,129
Q,운송장비/부품,모트렉스,118990,2225 ,60,126
Q,전기/전자,모티브링크,463480,1306 ,30,124
Q,비금속,모헨즈,006920,329 ,61,121
Q,종이/목재,무림SP,001810,375 ,38,117
Q,IT 서비스,미디어젠,279600,506 ,60,129
Q,화학,미래나노텍,095500,2596 ,69,119
Q,유통,미래반도체,254490,2112 ,26,108
Q,음식료/담배,미래생명자원,218150,841 ,43,115
Q,금융,미래에셋드림스팩1호,442900,794 ,92,111
Q,금융,미래에셋벤처투자,100790,3554 ,31,111
Q,금융,미래에셋비전스팩2호,446190,113 ,94,111
Q,금융,미래에셋비전스팩3호,448830,106 ,92,111
Q,금융,미래에셋비전스팩4호,477380,166 ,90,111
Q,금융,미래에셋비전스팩5호,477470,116 ,86,111
Q,금융,미래에셋비전스팩6호,478440,141 ,94,111
Q,금융,미래에셋비전스팩7호,482680,164 ,95,111
Q,기계/장비,미래컴퍼니,049950,1393 ,63,123
Q,IT 서비스,미스터블루,207760,1464 ,45,129
Q,전기/전자,미코,059090,4725 ,71,124
Q,IT 서비스,미투온,201490,1301 ,78,129
Q,IT 서비스,미트박스,475460,726 ,70,129
Q,의료/정밀기기,민테크,452200,879 ,60,125
Q,제약,바디텍메드,206640,3556 ,69,120
Q,유통,바른손,018700,386 ,65,108
Q,오락/문화,바른손이앤에이,035620,342 ,71,141
Q,제약,바이넥스,053030,5413 ,86,120
Q,IT 서비스,바이브컴퍼니,301300,738 ,72,129
Q,제약,바이오니아,064550,3949 ,82,120
Q,의료/정밀기기,바이오다인,314930,4777 ,52,125
Q,화학,바이오비쥬,489460,2631 ,32,119
Q,제약,바이오솔루션,086820,862 ,80,120
Q,전기/전자,바이오스마트,038460,937 ,71,124
Q,제약,바이오에프디엔씨,251120,1490 ,65,120
Q,일반서비스,바이오인프라,199730,264 ,56,103
Q,일반서비스,바이오톡스텍,086040,489 ,75,103
Q,음식료/담배,바이오포트,188040,486 ,51,115
Q,제약,바이오플러스,099430,4350 ,67,120
Q,유통,바이온,032980,135 ,93,108
Q,일반서비스,바이젠셀,308080,596 ,77,103
Q,의료/정밀기기,바텍,043150,3231 ,46,125
Q,일반서비스,박셀바이오,323990,2247 ,85,103
Q,섬유/의류,배럴,267790,355 ,49,116
Q,전기/전자,백금T&A,046310,492 ,72,124
Q,IT 서비스,밸로프,331520,307 ,67,129
Q,IT 서비스,뱅크웨어글로벌,199480,485 ,67,129
Q,IT 서비스,버넥트,438700,535 ,64,129
Q,통신,버킷스튜디오,066410,997 ,84,128
Q,전기/전자,범한퓨얼셀,382900,1546 ,45,124
Q,건설,베노티앤알,206400,657 ,86,107
Q,유통,베뉴지,019010,1147 ,31,108
Q,기계/장비,베셀,177350,205 ,72,123
Q,전기/전자,벡트,457600,466 ,35,124
Q,IT 서비스,벨로크,424760,182 ,47,129
Q,비금속,보광산업,225530,1435 ,31,121
Q,유통,보라티알,250000,695 ,27,108
Q,일반서비스,보로노이,310210,17616 ,58,103
Q,금속,보성파워텍,006910,1619 ,85,122
Q,화학,본느,226340,407 ,65,119
Q,,부방,014470,996 ,42,101
Q,금속,부스타,008470,325 ,57,122
Q,IT 서비스,뷰노,338220,2665 ,83,129
Q,의료/정밀기기,뷰웍스,100120,2101 ,62,125
Q,화학,뷰티스킨,406820,445 ,47,119
Q,IT 서비스,브레인즈컴퍼니,099390,487 ,55,129
Q,IT 서비스,브리지텍,064480,624 ,61,129
Q,제약,브릿지바이오테라퓨틱스,288330,362 ,91,120
Q,기타제조,브이씨,365900,260 ,60,127
Q,기계/장비,브이엠,089970,2969 ,81,123
Q,기계/장비,브이원텍,251630,756 ,48,123
Q,화학,브이티,018290,14767 ,60,119
Q,섬유/의류,블랙야크아이앤씨,478560,933 ,16,116
Q,유통,블루엠텍,439580,1769 ,72,108
Q,전기/전자,블루콤,033560,580 ,49,124
Q,오락/문화,블리츠웨이엔터테인먼트,369370,707 ,47,141
Q,전기/전자,비나텍,126340,1861 ,63,124
Q,전기/전자,비덴트,121800,2563 ,65,124
Q,제약,비보존 제약,082800,2931 ,58,120
Q,화학,비비씨,318410,482 ,69,119
Q,의료/정밀기기,비스토스,419540,368 ,56,125
Q,전기/전자,비씨엔씨,146320,1162 ,42,124
Q,제약,비씨월드제약,200780,447 ,54,120
Q,IT 서비스,비아이매트릭스,413640,1059 ,40,129
Q,기계/장비,비아트론,141000,1050 ,67,123
Q,기계/장비,비에이치아이,083650,13461 ,59,123
Q,금융,비엔케이제1호스팩,445360,92 ,93,111
Q,금융,비엔케이제2호스팩,473370,86 ,95,111
Q,유통,비엘팜텍,065170,239 ,72,108
Q,기계/장비,비엠티,086670,869 ,37,123
Q,의료/정밀기기,비올,335890,6338 ,62,125
Q,IT 서비스,비유테크놀러지,230980,214 ,90,129
Q,전기/전자,비츠로셀,082920,6885 ,61,124
Q,전기/전자,비츠로시스,054220,215 ,84,124
Q,금융,비츠로테크,042370,2151 ,39,111
Q,일반서비스,비케이홀딩스,050090,167 ,65,103
Q,IT 서비스,비큐AI,148780,497 ,65,129
Q,IT 서비스,비투엔,307870,586 ,68,129
Q,IT 서비스,비트맥스,377030,1644 ,79,129
Q,IT 서비스,비트컴퓨터,032850,878 ,68,129
Q,음식료/담배,비피도,238200,269 ,68,115
Q,전기/전자,빅솔론,093190,1154 ,28,124
Q,의료/정밀기기,빅텍,065450,1382 ,73,125
Q,화학,빌리언스,044480,131 ,62,119
Q,전기/전자,빛과전자,069540,510 ,83,124
Q,전기/전자,빛샘전자,072950,386 ,62,124
Q,화학,삐아,451250,1125 ,35,119
Q,IT 서비스,사람인,143240,1829 ,42,129
Q,IT 서비스,사이냅소프트,466410,641 ,47,129
Q,전기/전자,사피엔반도체,452430,1807 ,66,124
Q,IT 서비스,산돌,419120,629 ,46,129
Q,운송장비/부품,삼기,122350,439 ,66,126
Q,운송장비/부품,삼기에너지솔루션즈,419050,994 ,48,126
Q,종이/목재,삼륭물산,014970,989 ,18,117
Q,금속,삼목에스폼,018310,3278 ,29,122
Q,운송장비/부품,삼보모터스,053700,965 ,58,126
Q,금속,삼보산업,009620,247 ,74,122
Q,종이/목재,삼보판지,023600,1564 ,32,117
Q,금융,삼성스팩8호,448740,486 ,92,111
Q,금융,삼성스팩9호,468510,225 ,95,111
Q,제약,삼아제약,009300,1129 ,30,120
Q,화학,삼양엔씨켐,482630,2052 ,28,119
Q,화학,삼양케이씨아이,036670,786 ,45,119
Q,전기/전자,삼영에스앤씨,361670,258 ,51,124
Q,금속,삼영엠텍,054540,698 ,81,122
Q,전기/전자,삼영이엔씨,065570,123 ,66,124
Q,운송/창고,삼일,032280,255 ,63,110
Q,건설,삼일기업공사,002290,449 ,59,107
Q,전기/전자,삼지전자,037460,1725 ,46,124
Q,전기/전자,삼진,032750,418 ,55,124
Q,기타제조,삼진엘앤디,054090,194 ,74,127
Q,제약,삼천당제약,000250,37860 ,61,120
Q,유통,삼천리자전거,024950,608 ,52,108
Q,비금속,삼표시멘트,038500,3421 ,34,121
Q,운송장비/부품,삼현,437730,4401 ,29,126
Q,금속,삼현철강,017480,729 ,39,122
Q,오락/문화,삼화네트웍스,046390,540 ,53,141
Q,화학,상보,027580,620 ,78,119
Q,IT 서비스,상상인,038540,1109 ,65,129
Q,금융,상상인제4호스팩,452670,107 ,86,111
Q,전기/전자,상신이디피,091580,1073 ,71,124
Q,전기/전자,상신전자,263810,430 ,54,124
Q,화학,상아프론테크,089980,2836 ,55,119
Q,건설,상지건설,042940,1107 ,77,107
Q,전기/전자,새로닉스,042600,852 ,33,124
Q,화학,새빗켐,107600,884 ,42,119
Q,IT 서비스,샌즈랩,411080,1293 ,40,129
Q,전기/전자,샘씨엔에스,252990,2753 ,34,124
Q,제약,샤페론,378800,1001 ,84,120
Q,전기/전자,서남,294630,735 ,90,124
Q,유통,서린바이오,038070,711 ,66,108
Q,일반서비스,서부T&D,006730,5221 ,43,103
Q,비금속,서산,079650,306 ,32,121
Q,기계/장비,서암기계공업,100660,470 ,40,123
Q,기계/장비,서연탑메탈,019770,436 ,49,123
Q,유통,서울리거,043710,683 ,37,108
Q,전기/전자,서울바이오시스,092190,1488 ,30,124
Q,전기/전자,서울반도체,046890,3930 ,68,124
Q,유통,서울옥션,063170,1694 ,65,108
Q,전기/전자,서울전자통신,027040,166 ,58,124
Q,제약,서울제약,018680,405 ,40,120
Q,IT 서비스,서울평가정보,036120,888 ,37,129
Q,전기/전자,서원인텍,093920,1088 ,47,124
Q,전기/전자,서전기전,189860,426 ,56,124
Q,전기/전자,서진시스템,178320,11559 ,54,124
Q,운송장비/부품,서진오토모티브,122690,536 ,40,126
Q,유통,서플러스글로벌,140070,917 ,36,108
Q,건설,서한,011370,913 ,86,107
Q,전기/전자,서호전기,065710,2047 ,28,124
Q,건설,서희건설,035890,4042 ,20,107
Q,화학,석경에이티,357550,2678 ,59,119
Q,운송/창고,선광,003100,1406 ,38,110
Q,제약,선바이오,067370,959 ,66,120
Q,일반서비스,선샤인푸드,217620,268 ,91,103
Q,기계/장비,선익시스템,171090,3390 ,44,123
Q,화학,선진뷰티사이언스,086710,1672 ,43,119
Q,금속,성광벤드,014620,9300 ,58,122
Q,일반서비스,성도이엔지,037350,709 ,56,103
Q,전기/전자,성우,458650,1735 ,25,124
Q,전기/전자,성우전자,081580,493 ,56,124
Q,전기/전자,성우테크론,045300,299 ,54,124
Q,운송장비/부품,성우하이텍,015750,4592 ,55,126
Q,화학,성일하이텍,365340,4140 ,63,119
Q,운송장비/부품,성창오토텍,080470,299 ,47,126
Q,전기/전자,성호전자,043260,833 ,45,124
Q,전기/전자,세경하이테크,148150,2159 ,77,124
Q,기타제조,세니젠,188260,192 ,66,127
Q,운송장비/부품,세동,053060,235 ,71,126
Q,화학,세림B&G,340440,389 ,37,119
Q,금속,세명전기,017510,1153 ,61,122
Q,건설,세보엠이씨,011560,1209 ,46,107
Q,금속,세아메카닉스,396300,650 ,51,122
Q,제약,세운메디칼,100700,1130 ,46,120
Q,운송장비/부품,세원물산,024830,732 ,21,126
Q,의료/정밀기기,세종메디칼,258830,230 ,93,125
Q,건설,세종텔레콤,036630,1090 ,40,107
Q,IT 서비스,세중,039310,290 ,67,129
Q,전기/전자,세진티에스,067770,204 ,51,124
Q,의료/정밀기기,세코닉스,053450,867 ,79,125
Q,금속,세토피아,222810,817 ,90,122
Q,화학,세화피앤씨,252500,336 ,68,119
Q,전기/전자,센서뷰,321370,527 ,73,124
Q,의료/정밀기기,센코,347000,840 ,65,125
Q,제약,셀레믹스,331920,258 ,90,120
Q,일반서비스,셀레스트라,352770,136 ,86,103
Q,음식료/담배,셀로맥스사이언스,471820,585 ,16,115
Q,제약,셀루메드,049180,561 ,67,120
Q,일반서비스,셀리드,299660,1298 ,89,103
Q,IT 서비스,셀바스AI,108860,4102 ,88,129
Q,의료/정밀기기,셀바스헬스케어,208370,1241 ,59,125
Q,섬유/의류,셀바이오휴먼텍,318160,662 ,51,116
Q,제약,셀비온,308430,2608 ,60,120
Q,제약,셀트리온제약,068760,21839 ,44,120
Q,전기/전자,셀피글로벌,068940,298 ,73,124
Q,유통,소노스퀘어,007720,917 ,55,108
Q,화학,소니드,060230,327 ,79,119
Q,전기/전자,소룩스,290690,2622 ,90,124
Q,,소마젠,950200,749 ,43,101
Q,IT 서비스,소프트센,032680,394 ,83,129
Q,IT 서비스,소프트센우,032685,28 ,,129
Q,IT 서비스,소프트캠프,258790,305 ,73,129
Q,유통,손오공,066910,592 ,80,108
Q,의료/정밀기기,솔디펜스,215090,984 ,68,125
Q,일반서비스,솔본,035610,1140 ,45,103
Q,화학,솔브레인,357780,12990 ,53,119
Q,일반서비스,솔브레인홀딩스,036830,7075 ,20,103
Q,IT 서비스,솔트룩스,304100,5732 ,86,129
Q,IT 서비스,솔트웨어,328380,385 ,39,129
Q,오락/문화,쇼박스,086980,1976 ,42,141
Q,IT 서비스,수산아이앤티,050960,778 ,37,129
Q,기계/장비,수성웹툰,084180,960 ,48,123
Q,제약,수젠텍,253840,1368 ,75,120
Q,IT 서비스,슈어소프트테크,298830,2815 ,57,129
Q,전기/전자,슈프리마,236200,2558 ,63,124
Q,전기/전자,슈프리마에이치큐,094840,842 ,45,124
Q,기타제조,슈피겐코리아,192440,1769 ,51,127
Q,의료/정밀기기,스마트레이더시스템,424960,1402 ,85,125
Q,기계/장비,스맥,099440,857 ,90,123
Q,IT 서비스,스코넥,276040,380 ,87,129
Q,운송장비/부품,스타코링크,060240,64 ,82,126
Q,화학,스타플렉스,115570,247 ,48,119
Q,금융,스톤브릿지벤처스,330730,809 ,31,111
Q,화학,스톰테크,352090,1014 ,26,119
Q,오락/문화,스튜디오드래곤,253450,15751 ,45,141
Q,오락/문화,스튜디오미르,408900,1056 ,31,141
Q,오락/문화,스튜디오산타클로스,204630,237 ,73,141
Q,유통,스튜디오삼익,415380,352 ,43,108
Q,기계/장비,스페코,013810,502 ,66,123
Q,IT 서비스,스피어,347700,3696 ,33,129
Q,금속,승일,049830,537 ,22,122
Q,일반서비스,시공테크,020710,792 ,51,103
Q,전기/전자,시그네틱스,033170,583 ,61,124
Q,의료/정밀기기,시너지이노베이션,048870,2542 ,61,125
Q,전기/전자,시노펙스,025320,5711 ,88,124
Q,IT 서비스,시선AI,340810,514 ,75,129
Q,의료/정밀기기,시스웍,269620,1321 ,86,125
Q,의료/정밀기기,시지메드텍,056090,973 ,68,125
Q,전기/전자,시지트로닉스,429270,251 ,69,124
Q,IT 서비스,시큐레터,418250,523 ,60,129
Q,IT 서비스,시큐브,131090,345 ,64,129
Q,기계/장비,신도기연,290520,279 ,37,123
Q,,신라섬유,001000,444 ,38,101
Q,유통,신라에스지,025870,243 ,41,108
Q,일반서비스,신라젠,215600,4448 ,84,103
Q,전기/전자,신성델타테크,065350,22125 ,65,124
Q,운송장비/부품,신성에스티,416180,3042 ,36,126
Q,금속,신스틸,162300,923 ,22,122
Q,IT 서비스,신시웨이,290560,252 ,36,129
Q,제약,신신제약,002800,913 ,47,120
Q,금융,신영스팩10호,472220,101 ,94,111
Q,금융,신영스팩8호,430220,148 ,90,111
Q,금융,신영스팩9호,445970,114 ,93,111
Q,건설,신원종합개발,017000,335 ,79,107
Q,제약,신일제약,012790,804 ,63,120
Q,금속,신진에스엠,138070,422 ,46,122
Q,IT 서비스,신테카바이오,226330,1163 ,82,129
Q,금융,신한제11호스팩,452980,385 ,95,111
Q,금융,신한제12호스팩,474660,117 ,90,111
Q,금융,신한제13호스팩,474930,78 ,83,111
Q,금융,신한제14호스팩,487360,116 ,88,111
Q,금융,신한제15호스팩,487830,90 ,90,111
Q,금융,신한제16호스팩,496070,114 ,89,111
Q,화학,신화인터텍,056700,580 ,79,119
Q,전기/전자,신화콘텍,187270,358 ,53,124
Q,전기/전자,신흥에스이씨,243840,1527 ,42,124
Q,유통,실리콘투,257720,33094 ,52,108
Q,전기/전자,심텍,222800,7645 ,65,124
Q,일반서비스,심텍홀딩스,036710,755 ,40,103
Q,IT 서비스,심플랫폼,444530,737 ,63,129
Q,기계/장비,싸이맥스,160980,1360 ,52,123
Q,IT 서비스,싸이버원,356890,417 ,44,129
Q,일반서비스,싸이토젠,217330,965 ,51,103
Q,IT 서비스,썸에이지,208640,379 ,65,129
Q,비금속,쎄노텍,222420,379 ,58,121
Q,금속,쎄니트,037760,548 ,35,122
Q,기계/장비,쎄크,081180,969 ,63,123
Q,운송장비/부품,쎄트렉아이,099320,5530 ,61,126
Q,제약,쎌바이오텍,049960,1258 ,47,120
Q,전기/전자,쏘닉스,088280,414 ,76,124
Q,전기/전자,쏠리드,050890,4411 ,88,124
Q,일반서비스,쓰리빌리언,394800,2385 ,74,103
Q,전기/전자,쓰리에이로직스,177900,678 ,67,124
Q,기계/장비,씨메스,475400,2687 ,49,123
Q,섬유/의류,씨싸이트,109670,368 ,22,116
Q,오락/문화,씨씨에스,066790,1042 ,78,141
Q,기계/장비,씨아이에스,222080,5439 ,66,123
Q,화학,씨앤씨인터내셔널,352480,3275 ,33,119
Q,기계/장비,씨앤지하이테크,264660,1273 ,60,123
Q,화학,씨앤투스,352700,686 ,48,119
Q,의료/정밀기기,씨어스테크놀로지,458870,2499 ,71,125
Q,기계/장비,씨에스베어링,297090,2198 ,42,123
Q,,씨엑스아이,900120,192 ,88,101
Q,일반서비스,씨엔알리서치,359090,593 ,34,103
Q,전기/전자,씨엔플러스,115530,332 ,74,124
Q,의료/정밀기기,씨유메디칼,115480,384 ,73,125
Q,전기/전자,씨유테크,376290,607 ,30,124
Q,IT 서비스,씨이랩,189330,526 ,56,129
Q,제약,씨젠,096530,16895 ,58,120
Q,화학,씨큐브,101240,474 ,57,119
Q,제약,씨티씨바이오,060590,1630 ,56,120
Q,화학,씨티케이,260930,850 ,46,119
Q,화학,씨피시스템,413630,503 ,26,119
Q,유통,아가방컴퍼니,013990,1881 ,57,108
Q,전기/전자,아나패스,123860,2237 ,85,124
Q,일반서비스,아난티,025980,9395 ,66,103
Q,전기/전자,아모그린텍,125210,1024 ,52,124
Q,전기/전자,아모센스,357580,771 ,35,124
Q,전기/전자,아모텍,052710,1349 ,72,124
Q,제약,아미노로직스,074430,834 ,68,120
Q,음식료/담배,아미코젠,092040,2099 ,89,115
Q,기계/장비,아바코,083930,1933 ,66,123
Q,전기/전자,아바텍,149950,1291 ,53,124
Q,전기/전자,아비코전자,036010,707 ,60,124
Q,기계/장비,아세아텍,050860,522 ,50,123
Q,화학,아셈스,136410,941 ,46,119
Q,제약,아스타,246720,559 ,75,120
Q,의료/정밀기기,아스테라시스,450950,4116 ,53,125
Q,운송장비/부품,아스트,067390,2252 ,29,126
Q,기계/장비,아스플로,159010,549 ,40,123
Q,IT 서비스,아시아경제,127710,421 ,46,129
Q,,아시아종묘,154030,328 ,71,101
Q,화학,아우딘퓨쳐스,227610,379 ,71,119
Q,전기/전자,아이디스,143160,1632 ,42,124
Q,일반서비스,아이디스홀딩스,054800,1149 ,29,103
Q,전기/전자,아이디피,332370,654 ,31,124
Q,일반서비스,아이비김영,339950,957 ,31,103
Q,기계/장비,아이비젼웍스,469750,294 ,51,123
Q,의료/정밀기기,아이빔테크놀로지,460470,522 ,71,125
Q,의료/정밀기기,아이센스,099190,4535 ,74,125
Q,IT 서비스,아이스크림미디어,461300,2774 ,33,129
Q,오락/문화,아이스크림에듀,289010,278 ,61,141
Q,전기/전자,아이쓰리시스템,214430,6041 ,62,124
Q,기계/장비,아이씨디,040910,800 ,64,123
Q,전기/전자,아이씨에이치,368600,481 ,41,124
Q,전기/전자,아이씨티케이,456010,2161 ,71,124
Q,전기/전자,아이앤씨,052860,334 ,60,124
Q,전기/전자,아이언디바이스,464500,507 ,58,124
Q,전기/전자,아이에스티이,212710,859 ,50,124
Q,전기/전자,아이에이,038880,868 ,69,124
Q,전기/전자,아이엘,307180,825 ,73,124
Q,전기/전자,아이엠,101390,51 ,93,124
Q,일반서비스,아이엠비디엑스,461030,1264 ,63,103
Q,기계/장비,아이엠티,451220,758 ,59,123
Q,운송장비/부품,아이윈,090150,332 ,66,126
Q,전기/전자,아이윈플러스,123010,396 ,69,124
Q,통신,아이즈비전,031310,458 ,62,128
Q,IT 서비스,아이지넷,462980,563 ,54,129
Q,일반서비스,아이진,185490,860 ,72,103
Q,전기/전자,아이컴포넌트,059100,357 ,67,124
Q,IT 서비스,아이퀘스트,262840,500 ,55,129
Q,제약,아이큐어,175250,766 ,84,120
Q,IT 서비스,아이크래프트,052460,366 ,60,129
Q,일반서비스,아이텍,119830,1367 ,84,103
Q,IT 서비스,아이톡시,052770,459 ,70,129
Q,IT 서비스,아이티센글로벌,124500,5151 ,74,129
Q,IT 서비스,아이티센엔텍,010280,677 ,58,129
Q,IT 서비스,아이티센피엔에스,232830,303 ,73,129
Q,IT 서비스,아이티아이즈,372800,411 ,36,129
Q,전기/전자,아이티엠반도체,084850,2835 ,27,124
Q,화학,아이패밀리에스씨,114840,3159 ,57,119
Q,금융,아주IB투자,027360,3108 ,36,111
Q,섬유/의류,아즈텍WB,032080,286 ,56,116
Q,운송장비/부품,아진산업,013310,1108 ,68,126
Q,전기/전자,아진엑스텍,059120,650 ,61,124
Q,종이/목재,아크솔루션스,203690,741 ,93,117
Q,IT 서비스,아톤,158430,2083 ,63,129
Q,오락/문화,아티스트스튜디오,200350,1743 ,76,141
Q,IT 서비스,아티스트컴퍼니,321820,1840 ,41,129
Q,제약,안국약품,001540,1028 ,38,120
Q,IT 서비스,안랩,053800,7177 ,50,129
Q,유통,안트로젠,065660,2051 ,85,108
Q,전기/전자,알로이스,297570,317 ,63,124
Q,제약,알리코제약,260660,640 ,58,120
Q,금속,알멕,354320,1566 ,70,122
Q,오락/문화,알비더블유,361570,721 ,60,141
Q,IT 서비스,알서포트,131370,1755 ,55,129
Q,전기/전자,알에스오토메이션,140670,1359 ,70,124
Q,전기/전자,알에프세미,096610,516 ,71,124
Q,전기/전자,알에프텍,061040,996 ,79,124
Q,전기/전자,알엔투테크놀로지,148250,725 ,81,124
Q,IT 서비스,알체라,347860,757 ,84,129
Q,일반서비스,알테오젠,196170,206107 ,79,103
Q,운송장비/부품,알톤,123750,203 ,53,126
Q,IT 서비스,알티캐스트,085810,306 ,57,129
Q,의료/정밀기기,알파녹스,043100,697 ,65,125
Q,전기/전자,알파칩스,117670,485 ,66,124
Q,제약,알피바이오,314140,497 ,42,120
Q,일반서비스,압타머사이언스,291650,339 ,82,103
Q,일반서비스,압타바이오,293780,2043 ,70,103
Q,오락/문화,애니플러스,310200,2116 ,61,141
Q,제약,애드바이오텍,179530,521 ,65,120
Q,,애머릿지,900100,482 ,85,101
Q,IT 서비스,액토즈소프트,052790,763 ,45,129
Q,전기/전자,액트로,290740,522 ,52,124
Q,화학,앤디포스,238090,488 ,74,119
Q,전기/전자,앤씨앤,092600,176 ,64,124
Q,전기/전자,앱코,129890,470 ,61,124
Q,제약,앱클론,174900,2291 ,86,120
Q,일반서비스,앱트뉴로사이언스,270520,1932 ,82,103
Q,기계/장비,야스,255440,872 ,44,123
Q,출판/매체복제,양지사,030960,1414 ,18,118
Q,전기/전자,어보브반도체,102120,2064 ,71,124
Q,의료/정밀기기,얼라인드,238120,468 ,56,125
Q,기계/장비,에너토크,019990,756 ,74,123
Q,음식료/담배,에르코스,435570,1327 ,19,115
Q,전기/전자,에브리봇,270660,2001 ,64,124
Q,IT 서비스,에스넷,038680,927 ,66,129
Q,화학,에스디생명공학,217480,548 ,27,119
Q,전기/전자,에스디시스템,121890,216 ,62,124
Q,제약,에스바이오메딕스,304360,2585 ,75,120
Q,기계/장비,에스비비테크,389500,1324 ,57,123
Q,전기/전자,에스씨디,042110,685 ,48,124
Q,제약,에스씨엠생명과학,298060,244 ,74,120
Q,화학,에스아이리소스,065420,195 ,76,119
Q,기계/장비,에스앤더블류,103230,243 ,49,123
Q,음식료/담배,에스앤디,260970,3217 ,54,115
Q,전기/전자,에스앤에스텍,101490,8548 ,75,124
Q,전기/전자,에스에너지,095910,407 ,80,124
Q,IT 서비스,에스에스알,275630,189 ,46,129
Q,유통,에스에이엠티,031330,2840 ,47,108
Q,의료/정밀기기,에스에이티,060540,358 ,59,125
Q,기계/장비,에스에프에이,056190,7559 ,35,123
Q,일반서비스,에스엘에스바이오,246250,302 ,61,103
Q,오락/문화,에스엠,041510,30290 ,58,141
Q,비금속,에스엠씨지,460870,1216 ,49,121
Q,기계/장비,에스엠코어,007820,751 ,71,123
Q,의료/정밀기기,에스오에스랩,464080,2171 ,67,125
Q,금속,에스와이,109610,1744 ,62,122
Q,금속,에스와이스틸텍,365330,1662 ,41,122
Q,금융,에스유앤피,019590,1050 ,85,111
Q,섬유/의류,에스제이그룹,306040,406 ,40,116
Q,의료/정밀기기,에스지헬스케어,398120,430 ,58,125
Q,금융,에스케이증권제10호스팩,457940,69 ,90,111
Q,금융,에스케이증권제11호스팩,472230,85 ,96,111
Q,금융,에스케이증권제12호스팩,473000,69 ,90,111
Q,금융,에스케이증권제13호스팩,473950,91 ,91,111
Q,금융,에스케이증권제9호스팩,455910,104 ,84,111
Q,화학,에스켐,475660,412 ,58,119
Q,전기/전자,에스코넥,096630,653 ,82,124
Q,전기/전자,에스텍,069510,1717 ,27,124
Q,IT 서비스,에스트래픽,234300,1159 ,80,129
Q,기계/장비,에스티아이,039440,3182 ,66,123
Q,섬유/의류,에스티오,098660,287 ,26,116
Q,유통,에스티큐브,052020,4467 ,95,108
Q,제약,에스티팜,237690,16364 ,60,120
Q,화학,에스폴리텍,050760,269 ,60,119
Q,전기/전자,에스퓨얼셀,288620,807 ,61,124
Q,유통,에스피소프트,443670,1779 ,56,108
Q,기계/장비,에스피시스템스,317830,777 ,46,123
Q,전기/전자,에스피지,058610,5666 ,61,124
Q,기계/장비,에쎈테크,043340,496 ,23,123
Q,기계/장비,에어레인,163280,1632 ,55,123
Q,기타제조,에이디칩스,054630,126 ,95,127
Q,전기/전자,에이디테크놀로지,200710,2331 ,78,124
Q,기타제조,에이럭스,475580,1730 ,52,127
Q,전기/전자,에이루트,096690,467 ,85,124
Q,제약,에이비엘바이오,298380,36056 ,70,120
Q,일반서비스,에이비온,203400,1323 ,54,103
Q,기계/장비,에이비프로바이오,195990,854 ,96,123
Q,기타제조,에이스침대,003800,3188 ,15,127
Q,전기/전자,에이스테크,088800,1805 ,48,124
Q,오락/문화,에이스토리,241840,1144 ,68,141
Q,기계/장비,에이아이코리아,364950,798 ,65,123
Q,화학,에이에스텍,453860,1123 ,47,119
Q,전기/전자,에이에프더블류,312610,264 ,46,124
Q,전기/전자,에이엘티,172670,715 ,69,124
Q,유통,에이유브랜즈,481070,3151 ,32,108
Q,전기/전자,에이직랜드,445090,3359 ,60,124
Q,금속,에이치브이엠,295310,2999 ,51,122
Q,일반서비스,에이치시티,072990,657 ,59,103
Q,전기/전자,에이치엔에스하이텍,044990,1277 ,61,124
Q,음식료/담배,에이치엘사이언스,239610,686 ,30,115
Q,전기/전자,에이치엠넥스,036170,610 ,63,124
Q,금융,에이치엠씨제6호스팩,462020,89 ,94,111
Q,금융,에이치엠씨제7호스팩,477340,151 ,93,111
Q,금속,에이치와이티씨,148930,398 ,54,122
Q,일반서비스,에이치이엠파마,376270,1511 ,63,103
Q,기계/장비,에이치케이,044780,241 ,76,123
Q,음식료/담배,에이치피오,357230,1067 ,26,115
Q,전기/전자,에이텀,355690,259 ,61,124
Q,기계/장비,에이테크솔루션,071670,623 ,66,123
Q,전기/전자,에이텍,045660,1298 ,63,124
Q,전기/전자,에이텍모빌리티,224110,636 ,64,124
Q,금융,에이티넘인베스트,021080,1310 ,62,111
Q,전기/전자,에이팩트,200470,957 ,44,124
Q,전기/전자,에이프로,262260,874 ,59,124
Q,일반서비스,에이프릴바이오,397030,3940 ,78,103
Q,전기/전자,에치에프알,230240,2333 ,66,124
Q,화학,에코글로우,159910,325 ,59,119
Q,일반서비스,에코마케팅,230360,2719 ,47,103
Q,일반서비스,에코바이오,038870,588 ,62,103
Q,운송장비/부품,에코볼트,097780,799 ,57,126
Q,일반서비스,에코아이,448280,3654 ,24,103
Q,화학,에코앤드림,101360,3797 ,83,119
Q,운송장비/부품,에코캡,128540,444 ,49,126
Q,금융,에코프로,086520,58180 ,73,111
Q,전기/전자,에코프로비엠,247540,89977 ,48,124
Q,화학,에코프로에이치엔,383310,5003 ,63,119
Q,운송장비/부품,에코플라스틱,038110,1260 ,68,126
Q,전기/전자,에프알텍,073540,227 ,63,124
Q,IT 서비스,에프앤가이드,064850,876 ,52,129
Q,전기/전자,에프에스티,036810,3893 ,67,124
Q,오락/문화,에프엔씨엔터,173940,627 ,62,141
Q,기계/장비,에프엔에스테크,083500,758 ,57,123
Q,건설,엑사이엔씨,054940,249 ,80,107
Q,,엑세스바이오,950130,2184 ,68,101
Q,제약,엑셀세라퓨틱스,373110,360 ,73,120
Q,IT 서비스,엑셈,205100,1547 ,63,129
Q,IT 서비스,엑스게이트,356680,2446 ,31,129
Q,IT 서비스,엑스큐어,070300,245 ,77,129
Q,전기/전자,엑스페릭스,317770,1264 ,86,124
Q,기타제조,엑스플러스,373200,654 ,58,127
Q,유통,엑시온그룹,069920,731 ,59,108
Q,기계/장비,엑시콘,092870,1403 ,57,123
Q,기타제조,엔바이오니아,317870,1358 ,71,127
Q,운송장비/부품,엔브이에이치코리아,067570,978 ,58,126
Q,일반서비스,엔비티,236810,502 ,65,103
Q,전기/전자,엔시스,333620,737 ,41,124
Q,전기/전자,엔시트론,101400,264 ,86,124
Q,오락/문화,엔에스이엔엠,078860,855 ,80,141
Q,금융,엔에이치스팩25호,438580,0 ,,111
Q,금융,엔에이치스팩26호,439410,189 ,88,111
Q,금융,엔에이치스팩27호,440820,167 ,90,111
Q,금융,엔에이치스팩29호,451700,296 ,93,111
Q,금융,엔에이치스팩30호,466910,186 ,89,111
Q,금융,엔에이치스팩31호,481890,130 ,95,111
Q,화학,엔에프씨,265740,635 ,47,119
Q,일반서비스,엔젠바이오,354200,398 ,83,103
Q,기계/장비,엔젤로보틱스,455900,3530 ,69,123
Q,기계/장비,엔젯,419080,772 ,62,123
Q,IT 서비스,엔지스테크널러지,208860,749 ,31,129
Q,제약,엔지켐생명과학,183490,1002 ,78,120
Q,제약,엔케이맥스,182400,1727 ,98,120
Q,화학,엔켐,348370,12483 ,77,119
Q,IT 서비스,엔텔스,069410,512 ,70,129
Q,기계/장비,엔투텍,227950,647 ,90,123
Q,일반서비스,엔피,291230,758 ,77,103
Q,전기/전자,엔피디,198080,528 ,35,124
Q,화학,엔피케이,048830,204 ,50,119
Q,전기/전자,엘디티,096870,173 ,69,124
Q,제약,엘앤씨바이오,290650,7484 ,68,120
Q,의료/정밀기기,엘앤케이바이오,156100,1192 ,86,125
Q,전기/전자,엘엠에스,073110,576 ,31,124
Q,기계/장비,엘오티베큠,083310,1665 ,64,123
Q,전기/전자,엘컴텍,037950,828 ,42,124
Q,화학,엘케이켐,489500,1293 ,36,119
Q,화학,엘티씨,170920,989 ,64,119
Q,IT 서비스,엠게임,058630,1083 ,76,129
Q,전기/전자,엠디바이스,226590,1181 ,62,124
Q,IT 서비스,엠로,058970,6242 ,58,129
Q,일반서비스,엠브레인,169330,412 ,33,103
Q,IT 서비스,엠아이큐브솔루션,373170,428 ,30,129
Q,의료/정밀기기,엠아이텍,179290,2518 ,46,125
Q,음식료/담배,엠에스씨,009780,1529 ,26,115
Q,운송장비/부품,엠에스오토텍,123040,1657 ,31,126
Q,제약,엠에프씨,432980,363 ,50,120
Q,섬유/의류,엠에프엠코리아,323230,7 ,89,116
Q,기계/장비,엠오티,413390,904 ,44,123
Q,유통,엠젠솔루션,032790,493 ,86,108
Q,전기/전자,엠케이전자,033160,1675 ,59,124
Q,의료/정밀기기,엠투아이,347890,978 ,37,125
Q,전기/전자,엠투엔,033310,863 ,60,124
Q,기계/장비,엠플러스,259630,965 ,73,123
Q,전기/전자,엣지파운드리,105550,2807 ,83,124
Q,IT 서비스,영림원소프트랩,060850,448 ,69,129
Q,기계/장비,영우디에스피,143540,268 ,78,123
Q,운송장비/부품,영화테크,265560,863 ,47,126
Q,오락/문화,예림당,036000,880 ,45,141
Q,화학,예선테크,250930,175 ,61,119
Q,유통,예스24,053280,1030 ,44,108
Q,기계/장비,예스티,122640,3401 ,70,123
Q,일반서비스,오가노이드사이언스,476040,2008 ,55,103
Q,,오가닉티코스메틱,900300,427 ,27,101
Q,화학,오공,045060,440 ,69,119
Q,전기/전자,오늘이엔엠,192410,186 ,78,124
Q,전기/전자,오디텍,080520,376 ,63,124
Q,일반서비스,오로라,039830,700 ,41,103
Q,기계/장비,오로스테크놀로지,322310,2061 ,43,123
Q,일반서비스,오르비텍,046120,821 ,87,103
Q,제약,오름테라퓨틱,475830,3755 ,38,120
Q,기계/장비,오리엔탈정공,014940,2680 ,53,123
Q,운송장비/부품,오리엔트정공,065500,1506 ,74,126
Q,일반서비스,오리콤,010470,751 ,35,103
Q,IT 서비스,오브젠,417860,696 ,43,129
Q,IT 서비스,오비고,352910,586 ,68,129
Q,IT 서비스,오상자이엘,053980,719 ,63,129
Q,의료/정밀기기,오상헬스케어,036220,3120 ,38,125
Q,화학,오성첨단소재,052420,1368 ,69,119
Q,유통,오션인더블유,052300,468 ,66,108
Q,제약,오스코텍,039200,10729 ,90,120
Q,의료/정밀기기,오스테오닉,226400,1341 ,77,125
Q,운송장비/부품,오스템,031510,305 ,74,126
Q,음식료/담배,오에스피,368970,265 ,52,115
Q,전기/전자,오이솔루션,138080,1056 ,67,124
Q,전기/전자,오킨스전자,080580,1105 ,78,124
Q,운송장비/부품,오텍,067170,381 ,62,126
Q,유통,오토앤,353590,468 ,74,108
Q,IT 서비스,오파스넷,173130,891 ,58,129
Q,IT 서비스,오픈놀,440320,538 ,50,129
Q,IT 서비스,오픈베이스,049480,768 ,59,129
Q,IT 서비스,오픈엣지테크놀로지,394280,2909 ,68,129
Q,유통,오하임앤컴퍼니,309930,756 ,69,108
Q,일반서비스,온코닉테라퓨틱스,476060,2718 ,41,103
Q,일반서비스,온코크로스,382150,1505 ,39,103
Q,제약,올리패스,244460,90 ,91,120
Q,일반서비스,올릭스,226950,8612 ,81,103
Q,의료/정밀기기,옴니시스템,057540,579 ,76,125
Q,제약,옵투스제약,131030,1005 ,55,120
Q,의료/정밀기기,옵트론텍,082210,574 ,79,125
Q,전기/전자,옵티시스,109080,513 ,54,124
Q,전기/전자,옵티코어,380540,883 ,57,124
Q,제약,옵티팜,153710,728 ,58,120
Q,오락/문화,와이랩,432430,985 ,77,141
Q,일반서비스,와이바이오로직스,338840,1459 ,69,103
Q,전기/전자,와이솔,122990,1754 ,64,124
Q,기계/장비,와이씨,232140,8114 ,45,123
Q,화학,와이씨켐,112290,2614 ,59,119
Q,통신,와이어블,065530,700 ,45,128
Q,일반서비스,와이엔텍,067900,1287 ,52,103
Q,금속,와이엠,007530,513 ,59,122
Q,전기/전자,와이엠씨,155650,692 ,58,124
Q,전기/전자,와이엠텍,273640,1097 ,43,124
Q,화학,와이엠티,251370,1664 ,58,119
Q,유통,와이오엠,066430,488 ,85,108
Q,기계/장비,와이제이링크,209640,1206 ,51,123
Q,IT 서비스,와이즈넛,096250,2331 ,70,129
Q,일반서비스,와이즈버즈,273060,559 ,53,103
Q,금속,와이지-원,019210,2135 ,65,122
Q,오락/문화,와이지엔터테인먼트,122870,15981 ,72,141
Q,화학,와토스코리아,079000,369 ,24,119
Q,음식료/담배,우듬지팜,403490,949 ,60,115
Q,전기/전자,우리기술,032820,4511 ,91,124
Q,금융,우리기술투자,041190,8173 ,61,111
Q,전기/전자,우리넷,115440,710 ,69,124
Q,유통,우리로,046970,594 ,75,108
Q,음식료/담배,우리바이오,082850,1168 ,63,115
Q,운송장비/부품,우리산업,215360,865 ,60,126
Q,운송장비/부품,우리산업홀딩스,072470,613 ,21,126
Q,음식료/담배,우리손에프앤지,073560,1001 ,49,115
Q,유통,우리엔터프라이즈,037400,297 ,64,108
Q,전기/전자,우리이앤엘,153490,366 ,58,124
Q,기계/장비,우림피티에스,101170,684 ,43,123
Q,운송장비/부품,우수AMS,066590,1235 ,87,126
Q,음식료/담배,우양,103840,487 ,66,115
Q,금속,우양에이치씨,101970,2285 ,23,122
Q,건설,우원개발,046940,549 ,65,107
Q,일반서비스,우정바이오,215380,302 ,60,103
Q,전기/전자,우주일렉트로,065680,3049 ,54,124
Q,제약,우진비앤지,018620,275 ,76,120
Q,일반서비스,우진엔텍,457550,2054 ,54,103
Q,기계/장비,워트,396470,1299 ,41,123
Q,제약,원바이오젠,307280,417 ,64,120
Q,유통,원익,032940,1221 ,53,108
Q,기계/장비,원익IPS,240810,12320 ,66,123
Q,비금속,원익QnC,074600,4574 ,59,121
Q,화학,원익머트리얼즈,104830,2774 ,54,119
Q,유통,원익큐브,014190,537 ,67,108
Q,기계/장비,원익피앤이,217820,1338 ,60,123
Q,화학,원익홀딩스,030530,4125 ,49,119
Q,금속,원일특강,012620,343 ,55,122
Q,기계/장비,원일티엔아이,136150,2317 ,31,123
Q,기계/장비,원준,382840,1374 ,58,123
Q,의료/정밀기기,원텍,336570,9302 ,47,125
Q,IT 서비스,원티드랩,376980,520 ,69,129
Q,화학,원풍,008370,524 ,34,119
Q,섬유/의류,원풍물산,008290,210 ,64,116
Q,전기/전자,월덱스,101160,3263 ,64,124
Q,IT 서비스,웨이버스,336060,608 ,52,129
Q,의료/정밀기기,웨이브일렉트로,095270,808 ,66,125
Q,전기/전자,웨이비스,289930,1338 ,70,124
Q,섬유/의류,웰크론,065950,620 ,76,116
Q,건설,웰크론한텍,076080,386 ,63,107
Q,전기/전자,웰킵스하이텍,043590,176 ,43,124
Q,화학,웹스,196700,215 ,60,119
Q,IT 서비스,웹젠,069080,5086 ,55,129
Q,IT 서비스,웹케시,053580,2630 ,59,129
Q,전기/전자,위너스,479960,1000 ,25,124
Q,전기/전자,위니아,071460,12 ,87,124
Q,일반서비스,위니아에이드,377460,260 ,89,103
Q,전기/전자,위닉스,044340,1206 ,40,124
Q,제약,위더스제약,330350,1046 ,43,120
Q,의료/정밀기기,위드텍,348350,787 ,35,125
Q,IT 서비스,위메이드,112040,10779 ,60,129
Q,IT 서비스,위메이드맥스,101730,7116 ,24,129
Q,IT 서비스,위메이드플레이,123420,880 ,56,129
Q,IT 서비스,위세아이텍,065370,636 ,59,129
Q,유통,위즈코프,038620,474 ,68,108
Q,오락/문화,위지윅스튜디오,299900,2326 ,61,141
Q,기계/장비,위지트,036090,861 ,64,123
Q,전기/전자,위츠,459100,852 ,16,124
Q,IT 서비스,윈스테크넷,136540,1514 ,43,129
Q,전기/전자,윈팩,097800,633 ,61,124
Q,금속,윈하이텍,192390,330 ,50,122
Q,유통,윙스풋,335870,393 ,47,108
Q,,윙입푸드,900340,652 ,54,101
Q,기계/장비,유니셈,036200,1901 ,66,123
Q,기계/장비,유니슨,018000,2734 ,89,123
Q,전기/전자,유니온바이오메트릭스,203450,436 ,59,124
Q,운송장비/부품,유니크,011320,753 ,60,126
Q,기계/장비,유니테스트,086390,2367 ,75,123
Q,운송장비/부품,유니테크노,241690,734 ,35,126
Q,유통,유니트론텍,142210,1134 ,75,108
Q,IT 서비스,유디엠텍,389680,272 ,47,129
Q,IT 서비스,유라클,088340,1050 ,58,129
Q,전기/전자,유라테크,048430,1052 ,29,124
Q,제약,유바이오로직스,206650,4567 ,79,120
Q,IT 서비스,유비벨록스,089850,1008 ,68,129
Q,IT 서비스,유비온,084440,234 ,61,129
Q,IT 서비스,유비케어,032620,2140 ,44,129
Q,전기/전자,유비쿼스,264450,1152 ,56,124
Q,금융,유비쿼스홀딩스,078070,1718 ,40,111
Q,운송/창고,유성티엔에스,024800,1089 ,28,110
Q,일반서비스,유신,054930,774 ,49,103
Q,전기/전자,유아이디,069330,173 ,65,124
Q,전기/전자,유아이엘,049520,1196 ,47,124
Q,금융,유안타제11호스팩,444920,108 ,94,111
Q,금융,유안타제12호스팩,446150,105 ,94,111
Q,금융,유안타제13호스팩,449020,203 ,87,111
Q,금융,유안타제14호스팩,450940,94 ,89,111
Q,금융,유안타제15호스팩,473050,141 ,95,111
Q,금융,유안타제16호스팩,474490,112 ,94,111
Q,금융,유안타제17호스팩,493790,107 ,94,111
Q,금속,유에스티,263770,492 ,28,122
Q,기계/장비,유일로보틱스,388720,8658 ,49,123
Q,기계/장비,유일에너테크,340930,493 ,55,123
Q,비금속,유진기업,023410,2818 ,49,121
Q,기계/장비,유진로봇,056080,3785 ,48,123
Q,금융,유진스팩10호,468760,90 ,92,111
Q,금융,유진스팩11호,488060,97 ,95,111
Q,금융,유진스팩9호,442130,74 ,91,111
Q,기계/장비,유진테크,084370,8192 ,60,123
Q,금속,유진테크놀로지,240600,296 ,61,122
Q,일반서비스,유투바이오,221800,343 ,55,103
Q,전기/전자,유티아이,179900,4237 ,60,124
Q,제약,유틸렉스,263050,501 ,87,120
Q,전기/전자,육일씨엔에쓰,191410,211 ,57,124
Q,기계/장비,윤성에프앤씨,372170,2202 ,41,123
Q,금속,율촌,146060,331 ,45,122
Q,IT 서비스,율호,072770,455 ,86,129
Q,종이/목재,이건홀딩스,039020,1101 ,44,117
Q,IT 서비스,이글루,067920,610 ,71,129
Q,유통,이글벳,044960,559 ,58,108
Q,IT 서비스,이노뎁,303530,520 ,61,129
Q,IT 서비스,이노룰스,296640,396 ,61,129
Q,기계/장비,이노메트리,302430,816 ,57,123
Q,운송장비/부품,이노스페이스,462350,1668 ,66,126
Q,IT 서비스,이노시뮬레이션,274400,380 ,71,129
Q,전기/전자,이노와이어리스,073490,1515 ,69,124
Q,전기/전자,이노인스트루먼트,215790,182 ,71,124
Q,화학,이노진,344860,257 ,58,119
Q,운송장비/부품,이녹스,088390,694 ,30,126
Q,전기/전자,이녹스첨단소재,272290,4521 ,60,124
Q,IT 서비스,이니텍,053350,1898 ,44,129
Q,운송장비/부품,이닉스,452400,764 ,29,126
Q,전기/전자,이랜시스,264850,1445 ,60,124
Q,전기/전자,이랜텍,054210,1386 ,59,124
Q,금속,이렘,009730,540 ,82,122
Q,IT 서비스,이루온,065440,476 ,81,129
Q,일반서비스,이뮨온시아,424870,4030 ,29,103
Q,전기/전자,이미지스,115610,248 ,72,124
Q,금융,이베스트스팩6호,478110,101 ,80,111
Q,전기/전자,이브이첨단소재,131400,801 ,82,124
Q,IT 서비스,이삭엔지니어링,351330,623 ,43,129
Q,유통,이상네트웍스,080010,567 ,40,108
Q,제약,이수앱지스,086890,1862 ,65,120
Q,IT 서비스,이스트소프트,047560,2417 ,66,129
Q,,이스트아시아홀딩스,900110,373 ,53,101
Q,IT 서비스,이스트에이드,239340,637 ,48,129
Q,IT 서비스,이씨에스,067010,356 ,62,129
Q,제약,이엔셀,456070,1384 ,60,120
Q,화학,이엔에프테크놀로지,102710,4422 ,64,119
Q,의료/정밀기기,이엘씨,041520,1042 ,49,125
Q,의료/정밀기기,이엘피,063760,211 ,68,125
Q,일반서비스,이엠넷,123570,527 ,55,103
Q,화학,이엠앤아이,083470,165 ,72,119
Q,금속,이엠코리아,095190,1498 ,57,122
Q,전기/전자,이엠텍,091120,1830 ,78,124
Q,기계/장비,이오테크닉스,039030,17913 ,67,123
Q,의료/정밀기기,이오플로우,294090,523 ,91,125
Q,운송장비/부품,이원컴포텍,088290,441 ,69,126
Q,음식료/담배,이지바이오,353810,1681 ,48,115
Q,IT 서비스,이지케어텍,099750,1257 ,58,129
Q,전기/전자,이지트로닉스,377330,389 ,51,124
Q,음식료/담배,이지홀딩스,035810,2645 ,48,115
Q,IT 서비스,이크레더블,092130,1941 ,32,129
Q,유통,이트론,096040,2456 ,70,108
Q,오락/문화,이퓨쳐,134060,220 ,50,141
Q,건설,이화공영,001840,360 ,52,107
Q,전기/전자,이화전기,024810,1968 ,74,124
Q,의료/정밀기기,인바디,041830,3404 ,61,125
Q,화학,인바이오,352940,304 ,69,119
Q,기계/장비,인베니아,079950,144 ,65,123
Q,일반서비스,인벤티지랩,389470,4370 ,77,103
Q,음식료/담배,인산가,277410,494 ,72,115
Q,일반서비스,인선이엔티,060150,2715 ,49,103
Q,IT 서비스,인성정보,033230,1094 ,76,129
Q,IT 서비스,인스웨이브,450520,623 ,37,129
Q,IT 서비스,인스피언,465480,689 ,27,129
Q,전기/전자,인지디스플레,037330,600 ,41,124
Q,IT 서비스,인지소프트,100030,553 ,45,129
Q,금융,인카금융서비스,211050,5611 ,49,111
Q,유통,인콘,083640,248 ,65,108
Q,유통,인크레더블버즈,064090,1007 ,85,108
Q,일반서비스,인크로스,216050,1045 ,56,103
Q,전기/전자,인탑스,049070,2816 ,53,124
Q,의료/정밀기기,인터로조,119610,2141 ,55,125
Q,전기/전자,인터엠,017250,219 ,48,124
Q,전기/전자,인터플렉스,051370,1918 ,52,124
Q,기계/장비,인텍플러스,064290,1133 ,79,123
Q,전기/전자,인텔리안테크,189300,5222 ,71,124
Q,일반서비스,인투셀,287840,5190 ,68,103
Q,의료/정밀기기,인트로메딕,150840,2515 ,90,125
Q,제약,인트론바이오,048530,1438 ,76,120
Q,통신,인포바인,115310,1292 ,28,128
Q,IT 서비스,인포뱅크,039290,569 ,57,129
Q,IT 서비스,인피니트헬스케어,071200,1798 ,52,129
Q,운송장비/부품,인화정공,101930,3846 ,46,126
Q,운송장비/부품,일승,333430,1420 ,25,126
Q,기계/장비,일신바이오,068330,732 ,63,123
Q,유통,일월지엠엘,178780,533 ,60,108
Q,운송장비/부품,일지테크,019540,557 ,51,126
Q,건설,일진파워,094820,1782 ,61,107
Q,,잉글우드랩,950140,2348 ,44,101
Q,화학,잉크테크,049550,676 ,58,119
Q,전기/전자,자람테크놀로지,389020,2619 ,42,124
Q,기계/장비,자비스,254120,478 ,70,123
Q,비금속,자연과환경,043910,921 ,91,121
Q,전기/전자,자이글,234920,585 ,30,124
Q,오락/문화,자이언트스텝,289220,1600 ,60,141
Q,전기/전자,장원테크,174880,116 ,81,124
Q,의료/정밀기기,재영솔루텍,049630,791 ,82,125
Q,기계/장비,저스템,417840,751 ,68,123
Q,화학,전진바이오팜,110020,358 ,93,119
Q,음식료/담배,정다운,208140,881 ,49,115
Q,일반서비스,정상제이엘에스,040420,959 ,53,103
Q,유통,정원엔시스,045510,324 ,67,108
Q,기계/장비,제너셈,217190,616 ,55,123
Q,일반서비스,제넥신,095700,2231 ,77,103
Q,일반서비스,제넨바이오,072520,20 ,74,103
Q,의료/정밀기기,제노레이,122310,851 ,57,125
Q,전기/전자,제노코,361390,1545 ,84,124
Q,제약,제놀루션,225220,466 ,68,120
Q,화학,제닉,123330,3315 ,63,119
Q,기계/장비,제닉스,381620,944 ,47,123
Q,유통,제로투세븐,159580,1030 ,42,108
Q,금속,제룡산업,147830,1314 ,51,122
Q,전기/전자,제룡전기,033100,5670 ,66,124
Q,기계/장비,제우스,079370,4175 ,58,123
Q,기계/장비,제이브이엠,054950,2938 ,56,123
Q,금속,제이스코홀딩스,023440,1636 ,91,122
Q,기계/장비,제이스텍,090470,643 ,60,123
Q,화학,제이씨케미칼,137950,907 ,53,119
Q,유통,제이씨현시스템,033320,1160 ,52,108
Q,화학,제이아이테크,417500,1190 ,37,119
Q,전기/전자,제이앤티씨,204270,10916 ,32,124
Q,일반서비스,제이에스링크,127120,2560 ,50,103
Q,기타제조,제이에스티나,026040,555 ,53,127
Q,기계/장비,제이엔비,452160,548 ,27,123
Q,기계/장비,제이엔케이글로벌,126880,921 ,83,123
Q,IT 서비스,제이엘케이,322510,1496 ,78,129
Q,화학,제이엠아이,033050,287 ,58,119
Q,전기/전자,제이엠티,094970,396 ,59,124
Q,일반서비스,제이오,418550,2776 ,57,103
Q,화학,제이투케이바이오,420570,598 ,38,119
Q,기계/장비,제이티,089790,441 ,60,123
Q,제약,제일바이오,052670,606 ,67,120
Q,기계/장비,제일엠앤에스,412540,811 ,48,123
Q,전기/전자,제일일렉트릭,199820,2093 ,39,124
Q,금속,제일테크노스,038010,606 ,47,122
Q,전기/전자,제주반도체,080220,4571 ,87,124
Q,제약,제테마,216080,2385 ,70,120
Q,IT 서비스,젝시믹스,337930,1772 ,49,129
Q,제약,젠큐릭스,229000,270 ,81,120
Q,기계/장비,젬백스,082270,28901 ,72,123
Q,기계/장비,조광ILI,044060,701 ,76,123
Q,제약,조아제약,034940,316 ,80,120
Q,IT 서비스,조이시티,067000,1221 ,57,129
Q,섬유/의류,좋은사람들,033340,1281 ,48,116
Q,기계/장비,주성엔지니어링,036930,14677 ,66,123
Q,제약,중앙백신,072020,963 ,62,120
Q,유통,중앙에너비스,000440,1358 ,21,108
Q,전기/전자,중앙첨단소재,051980,2560 ,72,124
Q,일반서비스,지노믹트리,228760,3218 ,82,103
Q,제약,지놈앤컴퍼니,314130,860 ,84,120
Q,일반서비스,지니너스,389030,762 ,68,103
Q,IT 서비스,지니언스,263860,1712 ,55,129
Q,전기/전자,지니틱스,303030,378 ,64,124
Q,유통,지더블유바이텍,036180,539 ,77,108
Q,IT 서비스,지란지교시큐리티,208350,249 ,36,129
Q,일반서비스,지씨셀,144510,3381 ,52,103
Q,일반서비스,지씨지놈,340450,2323 ,,103
Q,일반서비스,지아이이노베이션,358570,13648 ,71,103
Q,기계/장비,지아이텍,382480,848 ,40,123
Q,기계/장비,지앤비에스 에코,382800,1232 ,70,123
Q,IT 서비스,지어소프트,051160,1640 ,64,129
Q,,지에스이,053050,1042 ,54,101
Q,전기/전자,지엔씨에너지,119850,4877 ,58,124
Q,섬유/의류,지엔코,065060,184 ,62,116
Q,유통,지엘팜텍,204840,1000 ,70,108
Q,전기/전자,지오엘리먼트,311320,843 ,27,124
Q,전기/전자,지투파워,388050,2024 ,64,124
Q,음식료/담배,진로발효,018120,1248 ,34,115
Q,일반서비스,진매트릭스,109820,565 ,81,103
Q,유통,진바이오텍,086060,369 ,70,108
Q,기계/장비,진성티이씨,036890,2374 ,52,123
Q,의료/정밀기기,진시스템,363250,643 ,78,125
Q,제약,진양제약,007370,824 ,63,120
Q,화학,진영,285800,400 ,38,119
Q,제약,차바이오텍,085660,6133 ,68,120
Q,일반서비스,차백신연구소,261780,831 ,58,103
Q,일반서비스,차이커뮤니케이션,351870,826 ,30,103
Q,일반서비스,참좋은여행,094850,882 ,53,103
Q,음식료/담배,창해에탄올,004650,909 ,55,115
Q,화학,천보,278280,4100 ,34,119
Q,유통,청담글로벌,362320,1244 ,49,108
Q,음식료/담배,체리부로,066360,384 ,37,115
Q,오락/문화,초록뱀미디어,047820,1203 ,60,141
Q,전기/전자,칩스앤미디어,094360,3580 ,54,124
Q,유통,카스,016920,369 ,59,108
Q,일반서비스,카이노스메드,284620,397 ,76,103
Q,IT 서비스,카카오게임즈,293490,14394 ,45,129
Q,IT 서비스,카티스,140430,500 ,35,129
Q,IT 서비스,카페24,042000,11278 ,76,129
Q,전기/전자,캐리,313760,513 ,78,124
Q,오락/문화,캐리소프트,317530,547 ,43,141
Q,운송장비/부품,캐스텍코리아,071850,403 ,81,126
Q,오락/문화,캔버스엔,210120,1215 ,83,141
Q,전기/전자,캠시스,050110,576 ,80,124
Q,금융,캡스톤파트너스,452300,494 ,66,111
Q,IT 서비스,컨텍,451760,1428 ,68,129
Q,,컬러레이,900310,512 ,54,101
Q,IT 서비스,컴투스,078340,5242 ,59,129
Q,IT 서비스,컴투스홀딩스,063080,2209 ,65,129
Q,금융,컴퍼니케이,307930,958 ,28,111
Q,전기/전자,케스피온,079190,192 ,79,124
Q,일반서비스,케어랩스,263700,638 ,68,103
Q,제약,케어젠,214370,17726 ,26,120
Q,화학,케이디켐,221980,464 ,21,119
Q,유통,케이바이오,038530,317 ,66,108
Q,IT 서비스,케이사인,192250,927 ,62,129
Q,IT 서비스,케이쓰리아이,431190,387 ,49,129
Q,IT 서비스,케이씨에스,115500,1254 ,33,129
Q,IT 서비스,케이씨티,089150,742 ,42,129
Q,음식료/담배,케이씨피드,025880,484 ,65,115
Q,IT 서비스,케이아이엔엑스,093320,4299 ,59,129
Q,전기/전자,케이알엠,093640,1177 ,80,124
Q,기계/장비,케이에스피,073010,1738 ,40,123
Q,운송장비/부품,케이엔더블유,105330,673 ,42,126
Q,기계/장비,케이엔솔,053080,1586 ,47,123
Q,의료/정밀기기,케이엔알시스템,199430,756 ,49,125
Q,기계/장비,케이엔에스,432470,927 ,30,123
Q,전기/전자,케이엔제이,272110,1388 ,73,124
Q,통신,케이엘넷,039420,853 ,57,128
Q,섬유/의류,케이엠,083550,401 ,61,116
Q,전기/전자,케이엠더블유,032500,4392 ,66,124
Q,화학,케이엠제약,225430,167 ,61,119
Q,유통,케이옥션,102370,1110 ,42,108
Q,기계/장비,케이웨더,068100,360 ,50,123
Q,전기/전자,케이이엠텍,106080,557 ,78,124
Q,유통,케이티알파,036030,2206 ,27,108
Q,운송장비/부품,케이프,064820,2006 ,69,126
Q,금속,케이피에프,024880,973 ,58,122
Q,유통,케이피엠테크,042040,528 ,79,108
Q,금속,케이피티유,054410,211 ,43,122
Q,금속,케일럼,258610,456 ,58,122
Q,운송장비/부품,켄코아에어로스페이스,274090,1726 ,72,126
Q,화학,켐트로닉스,089010,3696 ,69,119
Q,화학,켐트로스,220260,1232 ,84,119
Q,IT 서비스,코나아이,052400,10165 ,59,129
Q,IT 서비스,코난테크놀로지,402030,4105 ,61,129
Q,기계/장비,코닉오토메이션,391710,681 ,28,123
Q,운송장비/부품,코다코,046070,1592 ,77,126
Q,섬유/의류,코데즈컴바인,047770,733 ,39,116
Q,화학,코디,080530,677 ,70,119
Q,의료/정밀기기,코렌텍,104540,802 ,80,125
Q,화학,코리아나,027050,956 ,60,119
Q,금융,코리아에셋투자증권,190650,475 ,44,111
Q,운송장비/부품,코리아에프티,123410,1335 ,60,126
Q,전기/전자,코맥스,036690,459 ,51,124
Q,의료/정밀기기,코메론,049430,930 ,63,125
Q,기계/장비,코미코,183300,6935 ,53,123
Q,제약,코미팜,041960,3709 ,59,120
Q,기계/장비,코세스,089890,1194 ,45,123
Q,의료/정밀기기,코셈,360350,463 ,66,125
Q,화학,코스나인,082660,478 ,92,119
Q,음식료/담배,코스맥스엔비티,222040,1031 ,55,115
Q,화학,코스메카코리아,241710,5853 ,60,119
Q,전기/전자,코스텍시스,355150,927 ,50,124
Q,제약,코아스템켐온,166480,915 ,67,120
Q,전기/전자,코아시아,045970,993 ,74,124
Q,의료/정밀기기,코아시아씨엠,196450,313 ,58,125
Q,IT 서비스,코어라인소프트,384470,770 ,76,129
Q,,코엔텍,029960,4343 ,13,101
Q,제약,코오롱생명과학,102940,3826 ,55,120
Q,,코오롱티슈진,950160,30070 ,32,101
Q,유통,코웰패션,033290,1252 ,24,108
Q,전기/전자,코위버,056360,556 ,64,124
Q,기계/장비,코윈테크,282880,1389 ,76,123
Q,화학,코이즈,121850,305 ,73,119
Q,전기/전자,코츠테크놀로지,448710,1210 ,53,124
Q,전기/전자,코칩,126730,1051 ,27,124
Q,전기/전자,코콤,015710,763 ,35,124
Q,전기/전자,코텍,052330,1615 ,31,124
Q,오락/문화,코퍼스코리아,322780,421 ,41,141
Q,제약,콜마비앤에이치,200130,4295 ,42,120
Q,IT 서비스,쿠콘,294570,3220 ,66,129
Q,의료/정밀기기,퀀타매트릭스,317690,614 ,64,125
Q,,퀀텀온,227100,148 ,65,101
Q,전기/전자,퀄리타스반도체,432720,2015 ,58,124
Q,일반서비스,큐라클,365270,706 ,86,103
Q,일반서비스,큐라티스,348080,763 ,52,103
Q,유통,큐렉소,060280,4023 ,69,108
Q,일반서비스,큐로셀,372320,4397 ,65,103
Q,유통,큐로홀딩스,051780,213 ,40,108
Q,일반서비스,큐리언트,115180,3470 ,80,103
Q,의료/정밀기기,큐리옥스바이오시스템즈,445680,5781 ,69,125
Q,오락/문화,큐브엔터,182360,2660 ,39,141
Q,일반서비스,큐알티,405100,1582 ,35,103
Q,전기/전자,큐에스아이,066310,723 ,66,124
Q,금융,큐캐피탈,016600,503 ,58,111
Q,IT 서비스,크라우드웍스,355390,883 ,73,129
Q,일반서비스,크레버스,096240,1586 ,51,103
Q,IT 서비스,크레오에스지,040350,1117 ,58,129
Q,섬유/의류,크리스에프앤씨,110790,1132 ,47,116
Q,,크리스탈신소재,900250,1225 ,81,101
Q,기계/장비,크린앤사이언스,045520,293 ,61,123
Q,의료/정밀기기,클래시스,214150,39303 ,32,125
Q,IT 서비스,클로봇,466100,4299 ,66,129
Q,화학,클리오,237880,2969 ,35,119
Q,IT 서비스,키네마스터,139670,389 ,67,129
Q,전기/전자,키스트론,475430,1205 ,36,124
Q,금융,키움제10호스팩,487720,89 ,85,111
Q,금융,키움제11호스팩,489480,139 ,75,111
Q,금융,키움제8호스팩,446840,127 ,91,111
Q,오락/문화,키이스트,054780,819 ,66,141
Q,기계/장비,킵스파마,256940,2907 ,74,123
Q,전기/전자,타이거일렉,219130,804 ,56,124
Q,전기/전자,탑런토탈솔루션,336680,931 ,25,124
Q,전기/전자,탑머티리얼,360070,1946 ,39,124
Q,기계/장비,탑엔지니어링,065130,628 ,62,123
Q,IT 서비스,탑코미디어,134580,894 ,28,129
Q,금속,태광,023160,5923 ,52,122
Q,기계/장비,태성,323280,8540 ,62,123
Q,금속,태양,053620,585 ,30,122
Q,금속,태웅,044490,6182 ,46,122
Q,운송/창고,태웅로직스,124560,1198 ,50,110
Q,제약,테고사이언스,191420,1490 ,56,120
Q,금속,테라사이언스,073640,696 ,85,122
Q,제약,테라젠이텍스,066700,1126 ,84,120
Q,기계/장비,테스,095610,4823 ,59,123
Q,전기/전자,테크엘,064520,463 ,44,124
Q,기계/장비,테크윙,089030,12196 ,82,123
Q,전기/전자,텔레칩스,054450,2079 ,66,124
Q,제약,텔콘RF제약,200230,488 ,76,120
Q,IT 서비스,토마토시스템,393210,1052 ,65,129
Q,의료/정밀기기,토모큐브,475960,3260 ,55,125
Q,유통,토박스코리아,215480,222 ,77,108
Q,전기/전자,토비스,051360,2349 ,75,124
Q,IT 서비스,토탈소프트,045340,549 ,69,129
Q,기계/장비,톱텍,108230,1618 ,53,123
Q,IT 서비스,투비소프트,079970,68 ,72,129
Q,일반서비스,툴젠,199800,2532 ,78,103
Q,전기/전자,트루엔,417790,1046 ,53,124
Q,IT 서비스,트윔,290090,585 ,27,129
Q,건설,특수건설,026150,1376 ,72,107
Q,제약,티디에스팜,464280,658 ,49,120
Q,기계/장비,티로보틱스,117730,2169 ,77,123
Q,오락/문화,티비씨,033830,719 ,60,141
Q,IT 서비스,티사이언티픽,057680,878 ,67,129
Q,IT 서비스,티쓰리,204610,1248 ,55,129
Q,전기/전자,티씨머티리얼즈,125020,1917 ,33,124
Q,비금속,티씨케이,064760,11663 ,47,121
Q,제약,티앤알바이오팹,246710,1123 ,73,120
Q,제약,티앤엘,340570,5072 ,56,120
Q,기계/장비,티에스넥스젠,043220,272 ,92,123
Q,기계/장비,티에스아이,277880,1065 ,60,123
Q,의료/정밀기기,티에스이,131290,4414 ,36,125
Q,전기/전자,티에프이,425420,2868 ,32,124
Q,기계/장비,티엑스알로보틱스,484810,2503 ,25,123
Q,오락/문화,티엔엔터테인먼트,131100,442 ,41,141
Q,전기/전자,티엘비,356860,1996 ,67,124
Q,일반서비스,티움바이오,321550,1489 ,61,103
Q,화학,티이엠씨,425040,1365 ,65,119
Q,기계/장비,티이엠씨씨엔에스,241790,625 ,63,123
Q,화학,티케이케미칼,104480,1528 ,51,119
Q,금속,티플랙스,081150,781 ,68,122
Q,운송장비/부품,티피씨글로벌,130740,205 ,61,126
Q,전기/전자,팅크웨어,084730,1025 ,51,124
Q,전기/전자,파두,440110,5274 ,73,124
Q,기계/장비,파라텍,033540,543 ,89,123
Q,일반서비스,파로스아이바이오,388870,871 ,67,103
Q,전기/전자,파루,043200,704 ,74,124
Q,제약,파마리서치,214450,45559 ,63,120
Q,제약,파멥신,208340,2338 ,32,120
Q,전기/전자,파버나인,177830,405 ,57,124
Q,전기/전자,파세코,037070,1400 ,28,124
Q,IT 서비스,파수,150900,585 ,76,129
Q,전기/전자,파워넷,037030,564 ,60,124
Q,전기/전자,파워로직스,047310,1779 ,64,124
Q,의료/정밀기기,파이버프로,368770,2306 ,50,125
Q,전기/전자,파이오링크,170790,527 ,56,124
Q,전기/전자,파인디앤씨,049120,493 ,42,124
Q,전기/전자,파인디지털,038950,341 ,50,124
Q,의료/정밀기기,파인메딕스,387570,427 ,60,125
Q,전기/전자,파인엠텍,441270,1920 ,65,124
Q,전기/전자,파인테크닉스,106240,187 ,69,124
Q,기계/장비,파인텍,131760,344 ,92,123
Q,화학,파커스,065690,150 ,51,119
Q,의료/정밀기기,파크시스템스,140860,18908 ,66,125
Q,전기/전자,파트론,091700,3637 ,61,124
Q,오락/문화,판타지오,032800,275 ,80,141
Q,음식료/담배,팜스빌,318010,302 ,32,115
Q,음식료/담배,팜스토리,027710,1464 ,52,115
Q,섬유/의류,패션플랫폼,225590,262 ,56,116
Q,기계/장비,팬스타엔터프라이즈,054300,744 ,52,123
Q,오락/문화,팬엔터테인먼트,068050,623 ,61,141
Q,제약,팬젠,222110,864 ,59,120
Q,기계/장비,팸텍,271830,479 ,46,123
Q,IT 서비스,펄어비스,263750,25089 ,58,129
Q,화학,펌텍코리아,251970,7043 ,39,119
Q,기계/장비,펨트론,168360,2403 ,53,123
Q,제약,펩트론,087010,43380 ,91,120
Q,유통,포니링크,064800,1738 ,73,108
Q,금속,포메탈,119500,389 ,64,122
Q,오락/문화,포바이포,389140,2017 ,73,141
Q,기계/장비,포스뱅크,105760,705 ,67,123
Q,금속,포스코엠텍,009520,4847 ,49,122
Q,IT 서비스,포시에스,189690,634 ,45,129
Q,전기/전자,포인트모바일,318020,550 ,56,124
Q,금속,포인트엔지니어링,256630,677 ,49,122
Q,전기/전자,포커스에이아이,331380,349 ,62,124
Q,전기/전자,포톤,208710,312 ,58,124
Q,유통,폰드그룹,472850,2992 ,23,108
Q,IT 서비스,폴라리스AI,039980,2028 ,56,129
Q,제약,폴라리스AI파마,041910,1084 ,68,120
Q,운송장비/부품,폴라리스세원,234100,704 ,63,126
Q,IT 서비스,폴라리스오피스,041020,2844 ,71,129
Q,화학,폴라리스우노,114630,460 ,63,119
Q,유통,푸드나무,290720,511 ,29,108
Q,음식료/담배,푸드웰,005670,547 ,48,115
Q,전기/전자,푸른기술,094940,747 ,74,124
Q,,푸른소나무,057880,2161 ,48,101
Q,금융,푸른저축은행,007330,1392 ,14,111
Q,금속,풍강,093380,266 ,66,122
Q,음식료/담배,풍국주정,023900,1181 ,32,115
Q,전기/전자,풍원정밀,371950,2230 ,23,124
Q,의료/정밀기기,퓨런티어,370090,1515 ,69,125
Q,화학,퓨릿,445180,989 ,49,119
Q,전기/전자,퓨처코어,151910,1216 ,62,124
Q,제약,퓨쳐켐,220100,3581 ,85,120
Q,화학,프럼파스트,035200,352 ,58,119
Q,제약,프레스티지바이오로직스,334970,2841 ,39,120
Q,전기/전자,프로이천,321260,615 ,38,124
Q,기계/장비,프로텍,053610,2701 ,51,123
Q,의료/정밀기기,프로티아,303360,420 ,57,125
Q,음식료/담배,프롬바이오,377220,638 ,59,115
Q,의료/정밀기기,프리시젼바이오,335810,302 ,70,125
Q,전기/전자,프리엠스,053160,537 ,57,124
Q,의료/정밀기기,플라즈맵,405000,348 ,36,125
Q,건설,플래스크,041590,1161 ,69,107
Q,IT 서비스,플래티어,367000,363 ,55,129
Q,IT 서비스,플랜티넷,075130,514 ,70,129
Q,일반서비스,플레이디,237820,661 ,25,103
Q,IT 서비스,플레이위드,023770,265 ,69,129
Q,금융,플루토스,019570,211 ,66,111
Q,IT 서비스,플리토,300080,1474 ,68,129
Q,전기/전자,피노,033790,1060 ,69,124
Q,전기/전자,피델릭스,032580,404 ,69,124
Q,유통,피씨디렉트,051380,370 ,79,108
Q,제약,피씨엘,241820,179 ,72,120
Q,기계/장비,피아이이,452450,2970 ,49,123
Q,전기/전자,피앤씨테크,237750,295 ,67,124
Q,의료/정밀기기,피앤에스미캐닉스,460940,829 ,66,125
Q,기계/장비,피에스케이,319660,5591 ,67,123
Q,기계/장비,피에스케이홀딩스,031980,7601 ,32,123
Q,의료/정밀기기,피에스텍,002230,810 ,31,125
Q,운송장비/부품,피에이치에이,043370,2258 ,38,126
Q,화학,피엔에이치테크,239890,514 ,63,119
Q,일반서비스,피엔케이피부임상연구센타,347740,891 ,36,103
Q,기계/장비,피엔티,137400,7420 ,80,123
Q,기계/장비,피엔티엠에스,257370,348 ,59,123
Q,의료/정밀기기,피엠티,147760,278 ,55,125
Q,금속,피제이메탈,128660,761 ,35,122
Q,의료/정밀기기,피제이전자,006140,945 ,29,125
Q,기타제조,피코그램,376180,518 ,40,127
Q,제약,피플바이오,304840,538 ,85,120
Q,전기/전자,픽셀플러스,087600,587 ,47,124
Q,IT 서비스,핀텔,291810,247 ,52,129
Q,기계/장비,필에너지,378340,2798 ,55,123
Q,기계/장비,필옵틱스,161580,9532 ,73,123
Q,전기/전자,핌스,347770,378 ,60,124
Q,IT 서비스,핑거,163730,1226 ,66,129
Q,IT 서비스,핑거스토리,417180,464 ,58,129
Q,금융,하나26호스팩,446750,127 ,91,111
Q,금융,하나27호스팩,448370,119 ,94,111
Q,금융,하나28호스팩,454750,147 ,90,111
Q,금융,하나29호스팩,454640,113 ,90,111
Q,금융,하나30호스팩,469880,150 ,95,111
Q,금융,하나31호스팩,469900,116 ,92,111
Q,금융,하나32호스팩,475240,68 ,93,111
Q,금융,하나33호스팩,475250,80 ,94,111
Q,금융,하나34호스팩,484130,94 ,88,111
Q,기계/장비,하나기술,299030,1771 ,70,123
Q,전기/전자,하나마이크론,067310,7648 ,73,124
Q,전기/전자,하나머티리얼즈,166090,4935 ,53,124
Q,음식료/담배,하림,136480,3346 ,41,115
Q,금융,하림지주,003380,10361 ,38,111
Q,제약,하스,450330,695 ,37,120
Q,금속,하이드로리튬,101670,799 ,87,122
Q,전기/전자,하이딥,365590,978 ,51,124
Q,의료/정밀기기,하이로닉,149980,946 ,32,125
Q,금속,하이록코리아,013030,3713 ,58,122
Q,의료/정밀기기,하이비젼시스템,126700,2208 ,67,125
Q,금융,하이제8호스팩,450050,105 ,90,111
Q,전기/전자,하이젠알앤엠,160190,11120 ,15,124
Q,운송장비/부품,하이즈항공,221840,337 ,55,126
Q,제약,하이텍팜,106190,1395 ,52,120
Q,유통,하이퍼코퍼레이션,065650,244 ,56,108
Q,전기/전자,하츠,066130,660 ,47,124
Q,유통,한국가구,004590,774 ,44,108
Q,오락/문화,한국경제TV,039340,1258 ,26,141
Q,일반서비스,한국기업평가,034950,4622 ,23,103
Q,음식료/담배,한국맥널티,222980,418 ,42,115
Q,제약,한국비엔씨,256840,3652 ,79,120
Q,의료/정밀기기,한국비티비,219750,813 ,19,125
Q,금속,한국선재,025550,975 ,53,122
Q,화학,한국알콜,017890,2102 ,54,119
Q,제약,한국유니온제약,080720,216 ,68,120
Q,IT 서비스,한국전자인증,041460,777 ,81,129
Q,기계/장비,한국정밀기계,101680,208 ,46,123
Q,유통,한국정보공학,039740,229 ,51,108
Q,IT 서비스,한국정보인증,053300,3641 ,38,129
Q,통신,한국정보통신,025770,3078 ,11,128
Q,금융,한국제12호스팩,458610,91 ,95,111
Q,금융,한국제13호스팩,464440,93 ,93,111
Q,금융,한국제15호스팩,479880,147 ,95,111
Q,전기/전자,한국첨단소재,062970,821 ,84,124
Q,금융,한국캐피탈,023760,2304 ,18,111
Q,전기/전자,한국컴퓨터,054040,796 ,40,124
Q,화학,한국큐빅,021650,400 ,53,119
Q,제약,한국파마,032300,1665 ,30,120
Q,종이/목재,한국팩키지,037230,590 ,28,117
Q,운송장비/부품,한국피아이엠,448900,915 ,43,126
Q,IT 서비스,한글과컴퓨터,030520,6807 ,63,129
Q,통신,한네트,052600,538 ,54,128
Q,기계/장비,한독크린텍,256150,520 ,50,123
Q,운송장비/부품,한라IMS,092460,1663 ,39,126
Q,기계/장비,한빛레이저,452190,1266 ,56,123
Q,IT 서비스,한빛소프트,047080,352 ,67,129
Q,금속,한선엔지니어링,452280,1278 ,30,122
Q,일반서비스,한성크린텍,066980,761 ,58,103
Q,기계/장비,한솔아이원스,114810,2605 ,60,123
Q,IT 서비스,한솔인티큐브,070590,263 ,56,129
Q,기계/장비,한송네오텍,226440,26 ,74,123
Q,제약,한스바이오메드,042520,1319 ,72,120
Q,IT 서비스,한싹,430690,582 ,41,129
Q,전기/전자,한양디지텍,078350,1425 ,41,124
Q,일반서비스,한양이엔지,045100,3182 ,45,103
Q,기계/장비,한울반도체,320000,932 ,73,123
Q,전기/전자,한울소재과학,091440,840 ,65,124
Q,음식료/담배,한울앤제주,276730,368 ,75,115
Q,운송장비/부품,한일단조,024740,845 ,66,126
Q,음식료/담배,한일사료,005860,1541 ,56,115
Q,화학,한일화학,007770,347 ,34,119
Q,금속,한주라이트메탈,198940,309 ,72,122
Q,오락/문화,한주에이알티,058450,156 ,75,141
Q,전기/전자,한중엔시에스,107640,2224 ,63,124
Q,금속,한창산업,079170,410 ,46,122
Q,IT 서비스,한컴위드,054920,917 ,58,129
Q,화학,한켐,457370,673 ,55,119
Q,음식료/담배,한탑,002680,261 ,56,115
Q,기계/장비,한텍,098070,4243 ,30,123
Q,금융,한화플러스제4호스팩,455310,104 ,95,111
Q,금융,한화플러스제5호스팩,498390,100 ,95,111
Q,금융,해성산업,034810,2458 ,36,111
Q,금융,해성산업1우,03481K,107 ,,111
Q,금속,해성에어로보틱스,059270,645 ,66,122
Q,의료/정밀기기,해성옵틱스,076610,174 ,74,125
Q,IT 서비스,핸디소프트,220180,498 ,52,129
Q,,헝셩그룹,900270,421 ,62,101
Q,IT 서비스,헥토이노베이션,214180,1882 ,61,129
Q,IT 서비스,헥토파이낸셜,234340,2217 ,48,129
Q,일반서비스,헬릭스미스,084990,1348 ,81,103
Q,일반서비스,현대ADM,187660,646 ,61,103
Q,운송장비/부품,현대공업,170030,881 ,46,126
Q,기계/장비,현대무벡스,319400,4832 ,41,123
Q,화학,현대바이오,048410,4922 ,87,119
Q,화학,현대바이오랜드,052260,1527 ,65,119
Q,음식료/담배,현대사료,016790,1873 ,59,115
Q,기계/장비,현대에버다임,041440,1426 ,53,123
Q,전기/전자,현대에이치티,039010,649 ,51,124
Q,IT 서비스,현대이지웰,090850,1544 ,48,129
Q,운송장비/부품,현대힘스,460930,7262 ,43,126
Q,전기/전자,현우산업,092300,515 ,65,124
Q,기계/장비,협진,138360,350 ,53,123
Q,섬유/의류,형지I&C,011080,402 ,85,116
Q,유통,형지글로벌,308100,297 ,62,108
Q,유통,홈센타홀딩스,060560,1025 ,44,108
Q,유통,홈캐스트,64240,897,83,108
Q,기계/장비,화성밸브,39610,1124,54,123
Q,운송장비/부품,화신정공,126640,473,62,126
Q,전기/전자,화인써키트,127980,719,16,124
Q,제약,화일약품,61250,1036,55,120
Q,화학,효성오앤비,97870,621,49,119
Q,IT 서비스,휴네시온,290270,351,48,129
Q,음식료/담배,휴럼,353190,284,62,115
Q,기계/장비,휴림로봇,90710,2332,89,123
Q,운송장비/부품,휴림에이텍,78590,305,60,126
Q,제약,휴마시스,205470,2012,72,120
Q,전기/전자,휴맥스,115160,492,62,124
Q,IT 서비스,휴맥스홀딩스,28080,276,50,129
Q,전기/전자,휴먼테크놀로지,175140,1426,70,124
Q,제약,휴메딕스,200670,6143,54,120
Q,의료/정밀기기,휴비츠,65510,955,63,125
Q,기타제조,휴엠앤씨,263920,445,37,127
Q,제약,휴온스,243070,3390,52,120
Q,제약,휴온스글로벌,84110,6312,39,120
Q,제약,휴젤,145020,43802,45,120
Q,유통,흥구석유,24060,2394,64,108
Q,기계/장비,흥국,10240,663,39,123
Q,음식료/담배,흥국에프엔비,189980,781,45,115
Q,일반서비스,희림,37440,743,72,103
Q,기계/장비,힘스,238490,386,65,123
